rule_id,crop,disease,disease_type,model_supported,state,agro_region,district_scope,season,month_window,temp_min_c,temp_max_c,humidity_min_pct,humidity_max_pct,rainfall_trigger,leaf_wetness,risk_level,weather_reason,symptoms,management_note,source_org,source_url,verification_status,last_verified
DR0001,Tomato,Bacterial spot,bacterial,True,Maharashtra,Khandesh,region-level rule; exact district should use GPS/district mapping,Kharif/Rabi/Summer,6-10,20,30,75,83,frequent rain/splash,high,high,"Risk relevance increases when the listed crop, season and disease-favorable weather overlap in Khandesh.",small dark water-soaked leaf spots; fruit lesions,"Use clean seed/transplants, reduce leaf wetness and splashing, remove badly affected material, and follow locally approved bactericide labels.",FarmGuide curated rule; grounded against Maharashtra agricultural advisory sources,https://icar.gov.in/sites/default/files/Circulars/ICAR-En-Kharif-Agro-Advisories-for-Farmers-2025.pdf,curated rule; NOT measured prevalence; expert verification recommended,2026-10-03
DR0002,Tomato,Bacterial spot,bacterial,True,Maharashtra,Western Maharashtra Plain,region-level rule; exact district should use GPS/district mapping,Kharif/Rabi/Summer,6-10,20,30,75,88,frequent rain/splash,high,high,"Risk relevance increases when the listed crop, season and disease-favorable weather overlap in Western Maharashtra Plain.",small dark water-soaked leaf spots; fruit lesions,"Use clean seed/transplants, reduce leaf wetness and splashing, remove badly affected material, and follow locally approved bactericide labels.",FarmGuide curated rule; grounded against Maharashtra agricultural advisory sources,https://icar.gov.in/sites/default/files/Circulars/ICAR-En-Kharif-Agro-Advisories-for-Farmers-2025.pdf,curated rule; NOT measured prevalence; expert verification recommended,2026-10-03
DR0003,Tomato,Bacterial spot,bacterial,True,Maharashtra,Marathwada Plateau,region-level rule; exact district should use GPS/district mapping,Kharif/Rabi/Summer,6-10,20,30,75,83,frequent rain/splash,high,high,"Risk relevance increases when the listed crop, season and disease-favorable weather overlap in Marathwada Plateau.",small dark water-soaked leaf spots; fruit lesions,"Use clean seed/transplants, reduce leaf wetness and splashing, remove badly affected material, and follow locally approved bactericide labels.",FarmGuide curated rule; grounded against Maharashtra agricultural advisory sources,https://icar.gov.in/sites/default/files/Circulars/ICAR-En-Kharif-Agro-Advisories-for-Farmers-2025.pdf,curated rule; NOT measured prevalence; expert verification recommended,2026-10-03
DR0004,Tomato,Bacterial spot,bacterial,True,Maharashtra,Vidarbha Plain,region-level rule; exact district should use GPS/district mapping,Kharif/Rabi/Summer,6-10,20,30,75,91,frequent rain/splash,high,high,"Risk relevance increases when the listed crop, season and disease-favorable weather overlap in Vidarbha Plain.",small dark water-soaked leaf spots; fruit lesions,"Use clean seed/transplants, reduce leaf wetness and splashing, remove badly affected material, and follow locally approved bactericide labels.",FarmGuide curated rule; grounded against Maharashtra agricultural advisory sources,https://icar.gov.in/sites/default/files/Circulars/ICAR-En-Kharif-Agro-Advisories-for-Farmers-2025.pdf,curated rule; NOT measured prevalence; expert verification recommended,2026-10-03
DR0005,Tomato,Bacterial spot,bacterial,True,Maharashtra,Konkan,region-level rule; exact district should use GPS/district mapping,Kharif/Rabi/Summer,6-10,21,30,75,98,frequent rain/splash,high,high,"Risk relevance increases when the listed crop, season and disease-favorable weather overlap in Konkan.",small dark water-soaked leaf spots; fruit lesions,"Use clean seed/transplants, reduce leaf wetness and splashing, remove badly affected material, and follow locally approved bactericide labels.",FarmGuide curated rule; grounded against Maharashtra agricultural advisory sources,https://icar.gov.in/sites/default/files/Circulars/ICAR-En-Kharif-Agro-Advisories-for-Farmers-2025.pdf,curated rule; NOT measured prevalence; expert verification recommended,2026-10-03
DR0006,Tomato,Early blight,fungal,True,Maharashtra,Khandesh,region-level rule; exact district should use GPS/district mapping,Kharif/Rabi/Summer,6-10,20,30,70,83,rain/dew periods,high,high,"Risk relevance increases when the listed crop, season and disease-favorable weather overlap in Khandesh.",brown concentric leaf lesions; lower leaves affected first,"Crop rotation, residue management, good spacing and canopy ventilation; use locally recommended fungicide only when advised.",FarmGuide curated rule; grounded against Maharashtra agricultural advisory sources,https://icar.gov.in/sites/default/files/Circulars/ICAR-En-Kharif-Agro-Advisories-for-Farmers-2025.pdf,curated rule; NOT measured prevalence; expert verification recommended,2026-10-03
DR0007,Tomato,Early blight,fungal,True,Maharashtra,Western Maharashtra Plain,region-level rule; exact district should use GPS/district mapping,Kharif/Rabi/Summer,6-10,20,30,70,88,rain/dew periods,high,high,"Risk relevance increases when the listed crop, season and disease-favorable weather overlap in Western Maharashtra Plain.",brown concentric leaf lesions; lower leaves affected first,"Crop rotation, residue management, good spacing and canopy ventilation; use locally recommended fungicide only when advised.",FarmGuide curated rule; grounded against Maharashtra agricultural advisory sources,https://icar.gov.in/sites/default/files/Circulars/ICAR-En-Kharif-Agro-Advisories-for-Farmers-2025.pdf,curated rule; NOT measured prevalence; expert verification recommended,2026-10-03
DR0008,Tomato,Early blight,fungal,True,Maharashtra,Marathwada Plateau,region-level rule; exact district should use GPS/district mapping,Kharif/Rabi/Summer,6-10,20,30,70,83,rain/dew periods,high,high,"Risk relevance increases when the listed crop, season and disease-favorable weather overlap in Marathwada Plateau.",brown concentric leaf lesions; lower leaves affected first,"Crop rotation, residue management, good spacing and canopy ventilation; use locally recommended fungicide only when advised.",FarmGuide curated rule; grounded against Maharashtra agricultural advisory sources,https://icar.gov.in/sites/default/files/Circulars/ICAR-En-Kharif-Agro-Advisories-for-Farmers-2025.pdf,curated rule; NOT measured prevalence; expert verification recommended,2026-10-03
DR0009,Tomato,Early blight,fungal,True,Maharashtra,Vidarbha Plain,region-level rule; exact district should use GPS/district mapping,Kharif/Rabi/Summer,6-10,20,30,70,91,rain/dew periods,high,high,"Risk relevance increases when the listed crop, season and disease-favorable weather overlap in Vidarbha Plain.",brown concentric leaf lesions; lower leaves affected first,"Crop rotation, residue management, good spacing and canopy ventilation; use locally recommended fungicide only when advised.",FarmGuide curated rule; grounded against Maharashtra agricultural advisory sources,https://icar.gov.in/sites/default/files/Circulars/ICAR-En-Kharif-Agro-Advisories-for-Farmers-2025.pdf,curated rule; NOT measured prevalence; expert verification recommended,2026-10-03
DR0010,Tomato,Early blight,fungal,True,Maharashtra,Konkan,region-level rule; exact district should use GPS/district mapping,Kharif/Rabi/Summer,6-10,21,30,70,98,rain/dew periods,high,high,"Risk relevance increases when the listed crop, season and disease-favorable weather overlap in Konkan.",brown concentric leaf lesions; lower leaves affected first,"Crop rotation, residue management, good spacing and canopy ventilation; use locally recommended fungicide only when advised.",FarmGuide curated rule; grounded against Maharashtra agricultural advisory sources,https://icar.gov.in/sites/default/files/Circulars/ICAR-En-Kharif-Agro-Advisories-for-Farmers-2025.pdf,curated rule; NOT measured prevalence; expert verification recommended,2026-10-03
DR0011,Tomato,Late blight,oomycete,True,Maharashtra,Khandesh,region-level rule; exact district should use GPS/district mapping,Kharif/Rabi/Summer,6-10,20,25,85,83,cool wet weather,very high,high,"Risk relevance increases when the listed crop, season and disease-favorable weather overlap in Khandesh.",dark water-soaked lesions; rapid foliage collapse under favorable weather,"Avoid prolonged leaf wetness, improve ventilation, remove infected material and follow local disease-warning recommendations.",FarmGuide curated rule; grounded against Maharashtra agricultural advisory sources,https://icar.gov.in/sites/default/files/Circulars/ICAR-En-Kharif-Agro-Advisories-for-Farmers-2025.pdf,curated rule; NOT measured prevalence; expert verification recommended,2026-10-03
DR0012,Tomato,Late blight,oomycete,True,Maharashtra,Western Maharashtra Plain,region-level rule; exact district should use GPS/district mapping,Kharif/Rabi/Summer,6-10,16,25,85,88,cool wet weather,very high,high,"Risk relevance increases when the listed crop, season and disease-favorable weather overlap in Western Maharashtra Plain.",dark water-soaked lesions; rapid foliage collapse under favorable weather,"Avoid prolonged leaf wetness, improve ventilation, remove infected material and follow local disease-warning recommendations.",FarmGuide curated rule; grounded against Maharashtra agricultural advisory sources,https://icar.gov.in/sites/default/files/Circulars/ICAR-En-Kharif-Agro-Advisories-for-Farmers-2025.pdf,curated rule; NOT measured prevalence; expert verification recommended,2026-10-03
DR0013,Tomato,Late blight,oomycete,True,Maharashtra,Marathwada Plateau,region-level rule; exact district should use GPS/district mapping,Kharif/Rabi/Summer,6-10,18,25,85,83,cool wet weather,very high,high,"Risk relevance increases when the listed crop, season and disease-favorable weather overlap in Marathwada Plateau.",dark water-soaked lesions; rapid foliage collapse under favorable weather,"Avoid prolonged leaf wetness, improve ventilation, remove infected material and follow local disease-warning recommendations.",FarmGuide curated rule; grounded against Maharashtra agricultural advisory sources,https://icar.gov.in/sites/default/files/Circulars/ICAR-En-Kharif-Agro-Advisories-for-Farmers-2025.pdf,curated rule; NOT measured prevalence; expert verification recommended,2026-10-03
DR0014,Tomato,Late blight,oomycete,True,Maharashtra,Vidarbha Plain,region-level rule; exact district should use GPS/district mapping,Kharif/Rabi/Summer,6-10,19,25,85,91,cool wet weather,very high,high,"Risk relevance increases when the listed crop, season and disease-favorable weather overlap in Vidarbha Plain.",dark water-soaked lesions; rapid foliage collapse under favorable weather,"Avoid prolonged leaf wetness, improve ventilation, remove infected material and follow local disease-warning recommendations.",FarmGuide curated rule; grounded against Maharashtra agricultural advisory sources,https://icar.gov.in/sites/default/files/Circulars/ICAR-En-Kharif-Agro-Advisories-for-Farmers-2025.pdf,curated rule; NOT measured prevalence; expert verification recommended,2026-10-03
DR0015,Tomato,Late blight,oomycete,True,Maharashtra,Konkan,region-level rule; exact district should use GPS/district mapping,Kharif/Rabi/Summer,6-10,21,25,85,98,cool wet weather,very high,high,"Risk relevance increases when the listed crop, season and disease-favorable weather overlap in Konkan.",dark water-soaked lesions; rapid foliage collapse under favorable weather,"Avoid prolonged leaf wetness, improve ventilation, remove infected material and follow local disease-warning recommendations.",FarmGuide curated rule; grounded against Maharashtra agricultural advisory sources,https://icar.gov.in/sites/default/files/Circulars/ICAR-En-Kharif-Agro-Advisories-for-Farmers-2025.pdf,curated rule; NOT measured prevalence; expert verification recommended,2026-10-03
DR0016,Tomato,Leaf mold,fungal,True,Maharashtra,Khandesh,region-level rule; exact district should use GPS/district mapping,Kharif/Rabi/Summer,6-10,20,27,85,83,humid/cloudy weather,high,high,"Risk relevance increases when the listed crop, season and disease-favorable weather overlap in Khandesh.",yellow upper-leaf patches with olive-green growth below,"Improve ventilation, avoid excessive humidity, use resistant cultivars where available and follow local recommendations.",FarmGuide curated rule; grounded against Maharashtra agricultural advisory sources,https://icar.gov.in/sites/default/files/Circulars/ICAR-En-Kharif-Agro-Advisories-for-Farmers-2025.pdf,curated rule; NOT measured prevalence; expert verification recommended,2026-10-03
DR0017,Tomato,Leaf mold,fungal,True,Maharashtra,Western Maharashtra Plain,region-level rule; exact district should use GPS/district mapping,Kharif/Rabi/Summer,6-10,18,27,85,88,humid/cloudy weather,high,high,"Risk relevance increases when the listed crop, season and disease-favorable weather overlap in Western Maharashtra Plain.",yellow upper-leaf patches with olive-green growth below,"Improve ventilation, avoid excessive humidity, use resistant cultivars where available and follow local recommendations.",FarmGuide curated rule; grounded against Maharashtra agricultural advisory sources,https://icar.gov.in/sites/default/files/Circulars/ICAR-En-Kharif-Agro-Advisories-for-Farmers-2025.pdf,curated rule; NOT measured prevalence; expert verification recommended,2026-10-03
DR0018,Tomato,Leaf mold,fungal,True,Maharashtra,Marathwada Plateau,region-level rule; exact district should use GPS/district mapping,Kharif/Rabi/Summer,6-10,18,27,85,83,humid/cloudy weather,high,high,"Risk relevance increases when the listed crop, season and disease-favorable weather overlap in Marathwada Plateau.",yellow upper-leaf patches with olive-green growth below,"Improve ventilation, avoid excessive humidity, use resistant cultivars where available and follow local recommendations.",FarmGuide curated rule; grounded against Maharashtra agricultural advisory sources,https://icar.gov.in/sites/default/files/Circulars/ICAR-En-Kharif-Agro-Advisories-for-Farmers-2025.pdf,curated rule; NOT measured prevalence; expert verification recommended,2026-10-03
DR0019,Tomato,Leaf mold,fungal,True,Maharashtra,Vidarbha Plain,region-level rule; exact district should use GPS/district mapping,Kharif/Rabi/Summer,6-10,19,27,85,91,humid/cloudy weather,high,high,"Risk relevance increases when the listed crop, season and disease-favorable weather overlap in Vidarbha Plain.",yellow upper-leaf patches with olive-green growth below,"Improve ventilation, avoid excessive humidity, use resistant cultivars where available and follow local recommendations.",FarmGuide curated rule; grounded against Maharashtra agricultural advisory sources,https://icar.gov.in/sites/default/files/Circulars/ICAR-En-Kharif-Agro-Advisories-for-Farmers-2025.pdf,curated rule; NOT measured prevalence; expert verification recommended,2026-10-03
DR0020,Tomato,Leaf mold,fungal,True,Maharashtra,Konkan,region-level rule; exact district should use GPS/district mapping,Kharif/Rabi/Summer,6-10,21,27,85,98,humid/cloudy weather,high,high,"Risk relevance increases when the listed crop, season and disease-favorable weather overlap in Konkan.",yellow upper-leaf patches with olive-green growth below,"Improve ventilation, avoid excessive humidity, use resistant cultivars where available and follow local recommendations.",FarmGuide curated rule; grounded against Maharashtra agricultural advisory sources,https://icar.gov.in/sites/default/files/Circulars/ICAR-En-Kharif-Agro-Advisories-for-Farmers-2025.pdf,curated rule; NOT measured prevalence; expert verification recommended,2026-10-03
DR0021,Tomato,Septoria leaf spot,fungal,True,Maharashtra,Khandesh,region-level rule; exact district should use GPS/district mapping,Kharif/Rabi/Summer,6-10,20,28,75,83,rain/dew and splash,high,high,"Risk relevance increases when the listed crop, season and disease-favorable weather overlap in Khandesh.",many small circular spots with dark margins and pale centers,"Sanitation, crop rotation, avoid overhead irrigation and use locally approved fungicide recommendations.",FarmGuide curated rule; grounded against Maharashtra agricultural advisory sources,https://icar.gov.in/sites/default/files/Circulars/ICAR-En-Kharif-Agro-Advisories-for-Farmers-2025.pdf,curated rule; NOT measured prevalence; expert verification recommended,2026-10-03
DR0022,Tomato,Septoria leaf spot,fungal,True,Maharashtra,Western Maharashtra Plain,region-level rule; exact district should use GPS/district mapping,Kharif/Rabi/Summer,6-10,18,28,75,88,rain/dew and splash,high,high,"Risk relevance increases when the listed crop, season and disease-favorable weather overlap in Western Maharashtra Plain.",many small circular spots with dark margins and pale centers,"Sanitation, crop rotation, avoid overhead irrigation and use locally approved fungicide recommendations.",FarmGuide curated rule; grounded against Maharashtra agricultural advisory sources,https://icar.gov.in/sites/default/files/Circulars/ICAR-En-Kharif-Agro-Advisories-for-Farmers-2025.pdf,curated rule; NOT measured prevalence; expert verification recommended,2026-10-03
DR0023,Tomato,Septoria leaf spot,fungal,True,Maharashtra,Marathwada Plateau,region-level rule; exact district should use GPS/district mapping,Kharif/Rabi/Summer,6-10,18,28,75,83,rain/dew and splash,high,high,"Risk relevance increases when the listed crop, season and disease-favorable weather overlap in Marathwada Plateau.",many small circular spots with dark margins and pale centers,"Sanitation, crop rotation, avoid overhead irrigation and use locally approved fungicide recommendations.",FarmGuide curated rule; grounded against Maharashtra agricultural advisory sources,https://icar.gov.in/sites/default/files/Circulars/ICAR-En-Kharif-Agro-Advisories-for-Farmers-2025.pdf,curated rule; NOT measured prevalence; expert verification recommended,2026-10-03
DR0024,Tomato,Septoria leaf spot,fungal,True,Maharashtra,Vidarbha Plain,region-level rule; exact district should use GPS/district mapping,Kharif/Rabi/Summer,6-10,19,28,75,91,rain/dew and splash,high,high,"Risk relevance increases when the listed crop, season and disease-favorable weather overlap in Vidarbha Plain.",many small circular spots with dark margins and pale centers,"Sanitation, crop rotation, avoid overhead irrigation and use locally approved fungicide recommendations.",FarmGuide curated rule; grounded against Maharashtra agricultural advisory sources,https://icar.gov.in/sites/default/files/Circulars/ICAR-En-Kharif-Agro-Advisories-for-Farmers-2025.pdf,curated rule; NOT measured prevalence; expert verification recommended,2026-10-03
DR0025,Tomato,Septoria leaf spot,fungal,True,Maharashtra,Konkan,region-level rule; exact district should use GPS/district mapping,Kharif/Rabi/Summer,6-10,21,28,75,98,rain/dew and splash,high,high,"Risk relevance increases when the listed crop, season and disease-favorable weather overlap in Konkan.",many small circular spots with dark margins and pale centers,"Sanitation, crop rotation, avoid overhead irrigation and use locally approved fungicide recommendations.",FarmGuide curated rule; grounded against Maharashtra agricultural advisory sources,https://icar.gov.in/sites/default/files/Circulars/ICAR-En-Kharif-Agro-Advisories-for-Farmers-2025.pdf,curated rule; NOT measured prevalence; expert verification recommended,2026-10-03
DR0026,Tomato,Target spot,fungal,True,Maharashtra,Khandesh,region-level rule; exact district should use GPS/district mapping,Kharif/Rabi/Summer,6-10,20,30,75,83,rain/high humidity,high,high,"Risk relevance increases when the listed crop, season and disease-favorable weather overlap in Khandesh.",concentric target-like lesions on leaves and fruit,"Reduce canopy humidity, remove infected residue and use integrated disease management.",FarmGuide curated rule; grounded against Maharashtra agricultural advisory sources,https://icar.gov.in/sites/default/files/Circulars/ICAR-En-Kharif-Agro-Advisories-for-Farmers-2025.pdf,curated rule; NOT measured prevalence; expert verification recommended,2026-10-03
DR0027,Tomato,Target spot,fungal,True,Maharashtra,Western Maharashtra Plain,region-level rule; exact district should use GPS/district mapping,Kharif/Rabi/Summer,6-10,20,30,75,88,rain/high humidity,high,high,"Risk relevance increases when the listed crop, season and disease-favorable weather overlap in Western Maharashtra Plain.",concentric target-like lesions on leaves and fruit,"Reduce canopy humidity, remove infected residue and use integrated disease management.",FarmGuide curated rule; grounded against Maharashtra agricultural advisory sources,https://icar.gov.in/sites/default/files/Circulars/ICAR-En-Kharif-Agro-Advisories-for-Farmers-2025.pdf,curated rule; NOT measured prevalence; expert verification recommended,2026-10-03
DR0028,Tomato,Target spot,fungal,True,Maharashtra,Marathwada Plateau,region-level rule; exact district should use GPS/district mapping,Kharif/Rabi/Summer,6-10,20,30,75,83,rain/high humidity,high,high,"Risk relevance increases when the listed crop, season and disease-favorable weather overlap in Marathwada Plateau.",concentric target-like lesions on leaves and fruit,"Reduce canopy humidity, remove infected residue and use integrated disease management.",FarmGuide curated rule; grounded against Maharashtra agricultural advisory sources,https://icar.gov.in/sites/default/files/Circulars/ICAR-En-Kharif-Agro-Advisories-for-Farmers-2025.pdf,curated rule; NOT measured prevalence; expert verification recommended,2026-10-03
DR0029,Tomato,Target spot,fungal,True,Maharashtra,Vidarbha Plain,region-level rule; exact district should use GPS/district mapping,Kharif/Rabi/Summer,6-10,20,30,75,91,rain/high humidity,high,high,"Risk relevance increases when the listed crop, season and disease-favorable weather overlap in Vidarbha Plain.",concentric target-like lesions on leaves and fruit,"Reduce canopy humidity, remove infected residue and use integrated disease management.",FarmGuide curated rule; grounded against Maharashtra agricultural advisory sources,https://icar.gov.in/sites/default/files/Circulars/ICAR-En-Kharif-Agro-Advisories-for-Farmers-2025.pdf,curated rule; NOT measured prevalence; expert verification recommended,2026-10-03
DR0030,Tomato,Target spot,fungal,True,Maharashtra,Konkan,region-level rule; exact district should use GPS/district mapping,Kharif/Rabi/Summer,6-10,21,30,75,98,rain/high humidity,high,high,"Risk relevance increases when the listed crop, season and disease-favorable weather overlap in Konkan.",concentric target-like lesions on leaves and fruit,"Reduce canopy humidity, remove infected residue and use integrated disease management.",FarmGuide curated rule; grounded against Maharashtra agricultural advisory sources,https://icar.gov.in/sites/default/files/Circulars/ICAR-En-Kharif-Agro-Advisories-for-Farmers-2025.pdf,curated rule; NOT measured prevalence; expert verification recommended,2026-10-03
DR0031,Tomato,Tomato yellow leaf curl virus,viral,True,Maharashtra,Khandesh,region-level rule; exact district should use GPS/district mapping,Kharif/Rabi/Summer,6-10,20,32,60,83,whitefly-favorable warm weather,medium-high,high,"Risk relevance increases when the listed crop, season and disease-favorable weather overlap in Khandesh.","leaf curling, yellowing, stunting","Use healthy seedlings, manage whitefly vectors, remove infected plants where recommended and use tolerant varieties.",FarmGuide curated rule; grounded against Maharashtra agricultural advisory sources,https://icar.gov.in/sites/default/files/Circulars/ICAR-En-Kharif-Agro-Advisories-for-Farmers-2025.pdf,curated rule; NOT measured prevalence; expert verification recommended,2026-10-03
DR0032,Tomato,Tomato yellow leaf curl virus,viral,True,Maharashtra,Western Maharashtra Plain,region-level rule; exact district should use GPS/district mapping,Kharif/Rabi/Summer,6-10,20,32,60,88,whitefly-favorable warm weather,medium-high,high,"Risk relevance increases when the listed crop, season and disease-favorable weather overlap in Western Maharashtra Plain.","leaf curling, yellowing, stunting","Use healthy seedlings, manage whitefly vectors, remove infected plants where recommended and use tolerant varieties.",FarmGuide curated rule; grounded against Maharashtra agricultural advisory sources,https://icar.gov.in/sites/default/files/Circulars/ICAR-En-Kharif-Agro-Advisories-for-Farmers-2025.pdf,curated rule; NOT measured prevalence; expert verification recommended,2026-10-03
DR0033,Tomato,Tomato yellow leaf curl virus,viral,True,Maharashtra,Marathwada Plateau,region-level rule; exact district should use GPS/district mapping,Kharif/Rabi/Summer,6-10,20,32,60,83,whitefly-favorable warm weather,medium-high,high,"Risk relevance increases when the listed crop, season and disease-favorable weather overlap in Marathwada Plateau.","leaf curling, yellowing, stunting","Use healthy seedlings, manage whitefly vectors, remove infected plants where recommended and use tolerant varieties.",FarmGuide curated rule; grounded against Maharashtra agricultural advisory sources,https://icar.gov.in/sites/default/files/Circulars/ICAR-En-Kharif-Agro-Advisories-for-Farmers-2025.pdf,curated rule; NOT measured prevalence; expert verification recommended,2026-10-03
DR0034,Tomato,Tomato yellow leaf curl virus,viral,True,Maharashtra,Vidarbha Plain,region-level rule; exact district should use GPS/district mapping,Kharif/Rabi/Summer,6-10,20,32,60,91,whitefly-favorable warm weather,medium-high,high,"Risk relevance increases when the listed crop, season and disease-favorable weather overlap in Vidarbha Plain.","leaf curling, yellowing, stunting","Use healthy seedlings, manage whitefly vectors, remove infected plants where recommended and use tolerant varieties.",FarmGuide curated rule; grounded against Maharashtra agricultural advisory sources,https://icar.gov.in/sites/default/files/Circulars/ICAR-En-Kharif-Agro-Advisories-for-Farmers-2025.pdf,curated rule; NOT measured prevalence; expert verification recommended,2026-10-03
DR0035,Tomato,Tomato yellow leaf curl virus,viral,True,Maharashtra,Konkan,region-level rule; exact district should use GPS/district mapping,Kharif/Rabi/Summer,6-10,21,32,65,95,whitefly-favorable warm weather,medium-high,high,"Risk relevance increases when the listed crop, season and disease-favorable weather overlap in Konkan.","leaf curling, yellowing, stunting","Use healthy seedlings, manage whitefly vectors, remove infected plants where recommended and use tolerant varieties.",FarmGuide curated rule; grounded against Maharashtra agricultural advisory sources,https://icar.gov.in/sites/default/files/Circulars/ICAR-En-Kharif-Agro-Advisories-for-Farmers-2025.pdf,curated rule; NOT measured prevalence; expert verification recommended,2026-10-03
DR0036,Tomato,Tomato mosaic virus,viral,True,Maharashtra,Khandesh,region-level rule; exact district should use GPS/district mapping,Kharif/Rabi/Summer,6-10,20,30,50,83,mechanical spread; moist handling,medium,medium,"Risk relevance increases when the listed crop, season and disease-favorable weather overlap in Khandesh.","mosaic mottling, distortion and stunting","Use clean seed, sanitize tools/hands, remove infected plants and avoid handling healthy plants after infected plants.",FarmGuide curated rule; grounded against Maharashtra agricultural advisory sources,https://icar.gov.in/sites/default/files/Circulars/ICAR-En-Kharif-Agro-Advisories-for-Farmers-2025.pdf,curated rule; NOT measured prevalence; expert verification recommended,2026-10-03
DR0037,Tomato,Tomato mosaic virus,viral,True,Maharashtra,Western Maharashtra Plain,region-level rule; exact district should use GPS/district mapping,Kharif/Rabi/Summer,6-10,18,30,50,88,mechanical spread; moist handling,medium,medium,"Risk relevance increases when the listed crop, season and disease-favorable weather overlap in Western Maharashtra Plain.","mosaic mottling, distortion and stunting","Use clean seed, sanitize tools/hands, remove infected plants and avoid handling healthy plants after infected plants.",FarmGuide curated rule; grounded against Maharashtra agricultural advisory sources,https://icar.gov.in/sites/default/files/Circulars/ICAR-En-Kharif-Agro-Advisories-for-Farmers-2025.pdf,curated rule; NOT measured prevalence; expert verification recommended,2026-10-03
DR0038,Tomato,Tomato mosaic virus,viral,True,Maharashtra,Marathwada Plateau,region-level rule; exact district should use GPS/district mapping,Kharif/Rabi/Summer,6-10,18,30,50,83,mechanical spread; moist handling,medium,medium,"Risk relevance increases when the listed crop, season and disease-favorable weather overlap in Marathwada Plateau.","mosaic mottling, distortion and stunting","Use clean seed, sanitize tools/hands, remove infected plants and avoid handling healthy plants after infected plants.",FarmGuide curated rule; grounded against Maharashtra agricultural advisory sources,https://icar.gov.in/sites/default/files/Circulars/ICAR-En-Kharif-Agro-Advisories-for-Farmers-2025.pdf,curated rule; NOT measured prevalence; expert verification recommended,2026-10-03
DR0039,Tomato,Tomato mosaic virus,viral,True,Maharashtra,Vidarbha Plain,region-level rule; exact district should use GPS/district mapping,Kharif/Rabi/Summer,6-10,19,30,50,90,mechanical spread; moist handling,medium,medium,"Risk relevance increases when the listed crop, season and disease-favorable weather overlap in Vidarbha Plain.","mosaic mottling, distortion and stunting","Use clean seed, sanitize tools/hands, remove infected plants and avoid handling healthy plants after infected plants.",FarmGuide curated rule; grounded against Maharashtra agricultural advisory sources,https://icar.gov.in/sites/default/files/Circulars/ICAR-En-Kharif-Agro-Advisories-for-Farmers-2025.pdf,curated rule; NOT measured prevalence; expert verification recommended,2026-10-03
DR0040,Tomato,Tomato mosaic virus,viral,True,Maharashtra,Konkan,region-level rule; exact district should use GPS/district mapping,Kharif/Rabi/Summer,6-10,21,30,65,90,mechanical spread; moist handling,medium,high,"Risk relevance increases when the listed crop, season and disease-favorable weather overlap in Konkan.","mosaic mottling, distortion and stunting","Use clean seed, sanitize tools/hands, remove infected plants and avoid handling healthy plants after infected plants.",FarmGuide curated rule; grounded against Maharashtra agricultural advisory sources,https://icar.gov.in/sites/default/files/Circulars/ICAR-En-Kharif-Agro-Advisories-for-Farmers-2025.pdf,curated rule; NOT measured prevalence; expert verification recommended,2026-10-03
DR0041,Tomato,Powdery mildew,fungal,False,Maharashtra,Khandesh,region-level rule; exact district should use GPS/district mapping,Kharif/Rabi/Summer,6-10,20,30,50,83,dry weather with humid nights,medium,medium,"Risk relevance increases when the listed crop, season and disease-favorable weather overlap in Khandesh.",white powdery growth on leaves,"Improve airflow, avoid dense canopy and use locally approved disease management.",FarmGuide curated rule; grounded against Maharashtra agricultural advisory sources,https://icar.gov.in/sites/default/files/Circulars/ICAR-En-Kharif-Agro-Advisories-for-Farmers-2025.pdf,curated rule; NOT measured prevalence; expert verification recommended,2026-10-03
DR0042,Tomato,Powdery mildew,fungal,False,Maharashtra,Western Maharashtra Plain,region-level rule; exact district should use GPS/district mapping,Kharif/Rabi/Summer,6-10,18,30,50,85,dry weather with humid nights,medium,medium,"Risk relevance increases when the listed crop, season and disease-favorable weather overlap in Western Maharashtra Plain.",white powdery growth on leaves,"Improve airflow, avoid dense canopy and use locally approved disease management.",FarmGuide curated rule; grounded against Maharashtra agricultural advisory sources,https://icar.gov.in/sites/default/files/Circulars/ICAR-En-Kharif-Agro-Advisories-for-Farmers-2025.pdf,curated rule; NOT measured prevalence; expert verification recommended,2026-10-03
DR0043,Tomato,Powdery mildew,fungal,False,Maharashtra,Marathwada Plateau,region-level rule; exact district should use GPS/district mapping,Kharif/Rabi/Summer,6-10,18,30,50,83,dry weather with humid nights,medium,medium-high,"Risk relevance increases when the listed crop, season and disease-favorable weather overlap in Marathwada Plateau.",white powdery growth on leaves,"Improve airflow, avoid dense canopy and use locally approved disease management.",FarmGuide curated rule; grounded against Maharashtra agricultural advisory sources,https://icar.gov.in/sites/default/files/Circulars/ICAR-En-Kharif-Agro-Advisories-for-Farmers-2025.pdf,curated rule; NOT measured prevalence; expert verification recommended,2026-10-03
DR0044,Tomato,Powdery mildew,fungal,False,Maharashtra,Vidarbha Plain,region-level rule; exact district should use GPS/district mapping,Kharif/Rabi/Summer,6-10,19,30,50,85,dry weather with humid nights,medium,medium,"Risk relevance increases when the listed crop, season and disease-favorable weather overlap in Vidarbha Plain.",white powdery growth on leaves,"Improve airflow, avoid dense canopy and use locally approved disease management.",FarmGuide curated rule; grounded against Maharashtra agricultural advisory sources,https://icar.gov.in/sites/default/files/Circulars/ICAR-En-Kharif-Agro-Advisories-for-Farmers-2025.pdf,curated rule; NOT measured prevalence; expert verification recommended,2026-10-03
DR0045,Tomato,Powdery mildew,fungal,False,Maharashtra,Konkan,region-level rule; exact district should use GPS/district mapping,Kharif/Rabi/Summer,6-10,21,30,65,85,dry weather with humid nights,medium,high,"Risk relevance increases when the listed crop, season and disease-favorable weather overlap in Konkan.",white powdery growth on leaves,"Improve airflow, avoid dense canopy and use locally approved disease management.",FarmGuide curated rule; grounded against Maharashtra agricultural advisory sources,https://icar.gov.in/sites/default/files/Circulars/ICAR-En-Kharif-Agro-Advisories-for-Farmers-2025.pdf,curated rule; NOT measured prevalence; expert verification recommended,2026-10-03
DR0046,Tomato,Root-knot nematode,nematode,False,Maharashtra,Khandesh,region-level rule; exact district should use GPS/district mapping,Kharif/Rabi/Summer,6-10,20,32,40,80,warm moist soil,medium-high,high,"Risk relevance increases when the listed crop, season and disease-favorable weather overlap in Khandesh.","galls on roots, stunting and uneven growth","Crop rotation, resistant rootstocks/varieties, sanitation and soil-management practices.",FarmGuide curated rule; grounded against Maharashtra agricultural advisory sources,https://icar.gov.in/sites/default/files/Circulars/ICAR-En-Kharif-Agro-Advisories-for-Farmers-2025.pdf,curated rule; NOT measured prevalence; expert verification recommended,2026-10-03
DR0047,Tomato,Root-knot nematode,nematode,False,Maharashtra,Western Maharashtra Plain,region-level rule; exact district should use GPS/district mapping,Kharif/Rabi/Summer,6-10,20,32,45,80,warm moist soil,medium-high,high,"Risk relevance increases when the listed crop, season and disease-favorable weather overlap in Western Maharashtra Plain.","galls on roots, stunting and uneven growth","Crop rotation, resistant rootstocks/varieties, sanitation and soil-management practices.",FarmGuide curated rule; grounded against Maharashtra agricultural advisory sources,https://icar.gov.in/sites/default/files/Circulars/ICAR-En-Kharif-Agro-Advisories-for-Farmers-2025.pdf,curated rule; NOT measured prevalence; expert verification recommended,2026-10-03
DR0048,Tomato,Root-knot nematode,nematode,False,Maharashtra,Marathwada Plateau,region-level rule; exact district should use GPS/district mapping,Kharif/Rabi/Summer,6-10,20,32,40,80,warm moist soil,medium-high,high,"Risk relevance increases when the listed crop, season and disease-favorable weather overlap in Marathwada Plateau.","galls on roots, stunting and uneven growth","Crop rotation, resistant rootstocks/varieties, sanitation and soil-management practices.",FarmGuide curated rule; grounded against Maharashtra agricultural advisory sources,https://icar.gov.in/sites/default/files/Circulars/ICAR-En-Kharif-Agro-Advisories-for-Farmers-2025.pdf,curated rule; NOT measured prevalence; expert verification recommended,2026-10-03
DR0049,Tomato,Root-knot nematode,nematode,False,Maharashtra,Vidarbha Plain,region-level rule; exact district should use GPS/district mapping,Kharif/Rabi/Summer,6-10,20,32,50,80,warm moist soil,medium-high,high,"Risk relevance increases when the listed crop, season and disease-favorable weather overlap in Vidarbha Plain.","galls on roots, stunting and uneven growth","Crop rotation, resistant rootstocks/varieties, sanitation and soil-management practices.",FarmGuide curated rule; grounded against Maharashtra agricultural advisory sources,https://icar.gov.in/sites/default/files/Circulars/ICAR-En-Kharif-Agro-Advisories-for-Farmers-2025.pdf,curated rule; NOT measured prevalence; expert verification recommended,2026-10-03
DR0050,Tomato,Root-knot nematode,nematode,False,Maharashtra,Konkan,region-level rule; exact district should use GPS/district mapping,Kharif/Rabi/Summer,6-10,21,32,65,80,warm moist soil,medium-high,high,"Risk relevance increases when the listed crop, season and disease-favorable weather overlap in Konkan.","galls on roots, stunting and uneven growth","Crop rotation, resistant rootstocks/varieties, sanitation and soil-management practices.",FarmGuide curated rule; grounded against Maharashtra agricultural advisory sources,https://icar.gov.in/sites/default/files/Circulars/ICAR-En-Kharif-Agro-Advisories-for-Farmers-2025.pdf,curated rule; NOT measured prevalence; expert verification recommended,2026-10-03
DR0051,Potato,Early blight,fungal,True,Maharashtra,Western Maharashtra Plain,region-level rule; exact district should use GPS/district mapping,Rabi,6-10,20,30,70,88,intermittent rain/dew,high,high,"Risk relevance increases when the listed crop, season and disease-favorable weather overlap in Western Maharashtra Plain.",concentric brown lesions on older leaves,"Crop rotation, residue management, balanced nutrition and locally recommended disease control.",FarmGuide curated rule; grounded against Maharashtra agricultural advisory sources,https://icar.gov.in/sites/default/files/Circulars/ICAR-En-Kharif-Agro-Advisories-for-Farmers-2025.pdf,curated rule; NOT measured prevalence; expert verification recommended,2026-10-03
DR0052,Potato,Early blight,fungal,True,Maharashtra,Khandesh,region-level rule; exact district should use GPS/district mapping,Rabi,6-10,20,30,70,83,intermittent rain/dew,high,high,"Risk relevance increases when the listed crop, season and disease-favorable weather overlap in Khandesh.",concentric brown lesions on older leaves,"Crop rotation, residue management, balanced nutrition and locally recommended disease control.",FarmGuide curated rule; grounded against Maharashtra agricultural advisory sources,https://icar.gov.in/sites/default/files/Circulars/ICAR-En-Kharif-Agro-Advisories-for-Farmers-2025.pdf,curated rule; NOT measured prevalence; expert verification recommended,2026-10-03
DR0053,Potato,Late blight,oomycete,True,Maharashtra,Western Maharashtra Plain,region-level rule; exact district should use GPS/district mapping,Rabi,6-10,16,25,85,88,cool wet weather,very high,high,"Risk relevance increases when the listed crop, season and disease-favorable weather overlap in Western Maharashtra Plain.",water-soaked dark lesions and rapid blighting,"Monitor weather/disease warnings, reduce leaf wetness and follow local advisory recommendations.",FarmGuide curated rule; grounded against Maharashtra agricultural advisory sources,https://icar.gov.in/sites/default/files/Circulars/ICAR-En-Kharif-Agro-Advisories-for-Farmers-2025.pdf,curated rule; NOT measured prevalence; expert verification recommended,2026-10-03
DR0054,Potato,Late blight,oomycete,True,Maharashtra,Khandesh,region-level rule; exact district should use GPS/district mapping,Rabi,6-10,20,25,85,83,cool wet weather,very high,high,"Risk relevance increases when the listed crop, season and disease-favorable weather overlap in Khandesh.",water-soaked dark lesions and rapid blighting,"Monitor weather/disease warnings, reduce leaf wetness and follow local advisory recommendations.",FarmGuide curated rule; grounded against Maharashtra agricultural advisory sources,https://icar.gov.in/sites/default/files/Circulars/ICAR-En-Kharif-Agro-Advisories-for-Farmers-2025.pdf,curated rule; NOT measured prevalence; expert verification recommended,2026-10-03
DR0055,Potato,Black scurf,fungal,False,Maharashtra,Western Maharashtra Plain,region-level rule; exact district should use GPS/district mapping,Rabi,6-10,16,25,50,88,cool moist soil,medium,medium,"Risk relevance increases when the listed crop, season and disease-favorable weather overlap in Western Maharashtra Plain.",black sclerotia on tuber surface and weak sprouts,"Use clean seed tubers, crop rotation, good drainage and recommended seed-treatment practices.",FarmGuide curated rule; grounded against Maharashtra agricultural advisory sources,https://icar.gov.in/sites/default/files/Circulars/ICAR-En-Kharif-Agro-Advisories-for-Farmers-2025.pdf,curated rule; NOT measured prevalence; expert verification recommended,2026-10-03
DR0056,Potato,Black scurf,fungal,False,Maharashtra,Khandesh,region-level rule; exact district should use GPS/district mapping,Rabi,6-10,20,25,50,83,cool moist soil,medium,medium,"Risk relevance increases when the listed crop, season and disease-favorable weather overlap in Khandesh.",black sclerotia on tuber surface and weak sprouts,"Use clean seed tubers, crop rotation, good drainage and recommended seed-treatment practices.",FarmGuide curated rule; grounded against Maharashtra agricultural advisory sources,https://icar.gov.in/sites/default/files/Circulars/ICAR-En-Kharif-Agro-Advisories-for-Farmers-2025.pdf,curated rule; NOT measured prevalence; expert verification recommended,2026-10-03
DR0057,Chilli,Anthracnose/fruit rot,fungal,False,Maharashtra,Vidarbha Plain,region-level rule; exact district should use GPS/district mapping,Kharif/Rabi/Summer,6-10,20,30,80,91,rain/humidity,high,high,"Risk relevance increases when the listed crop, season and disease-favorable weather overlap in Vidarbha Plain.",sunken dark fruit lesions and dieback,"Use clean seed, field sanitation, canopy ventilation and locally recommended disease management.",FarmGuide curated rule; grounded against Maharashtra agricultural advisory sources,https://icar.gov.in/sites/default/files/Circulars/ICAR-En-Kharif-Agro-Advisories-for-Farmers-2025.pdf,curated rule; NOT measured prevalence; expert verification recommended,2026-10-03
DR0058,Chilli,Anthracnose/fruit rot,fungal,False,Maharashtra,Marathwada Plateau,region-level rule; exact district should use GPS/district mapping,Kharif/Rabi/Summer,6-10,20,30,80,83,rain/humidity,high,high,"Risk relevance increases when the listed crop, season and disease-favorable weather overlap in Marathwada Plateau.",sunken dark fruit lesions and dieback,"Use clean seed, field sanitation, canopy ventilation and locally recommended disease management.",FarmGuide curated rule; grounded against Maharashtra agricultural advisory sources,https://icar.gov.in/sites/default/files/Circulars/ICAR-En-Kharif-Agro-Advisories-for-Farmers-2025.pdf,curated rule; NOT measured prevalence; expert verification recommended,2026-10-03
DR0059,Chilli,Anthracnose/fruit rot,fungal,False,Maharashtra,Western Maharashtra Plain,region-level rule; exact district should use GPS/district mapping,Kharif/Rabi/Summer,6-10,20,30,80,88,rain/humidity,high,high,"Risk relevance increases when the listed crop, season and disease-favorable weather overlap in Western Maharashtra Plain.",sunken dark fruit lesions and dieback,"Use clean seed, field sanitation, canopy ventilation and locally recommended disease management.",FarmGuide curated rule; grounded against Maharashtra agricultural advisory sources,https://icar.gov.in/sites/default/files/Circulars/ICAR-En-Kharif-Agro-Advisories-for-Farmers-2025.pdf,curated rule; NOT measured prevalence; expert verification recommended,2026-10-03
DR0060,Chilli,Anthracnose/fruit rot,fungal,False,Maharashtra,Khandesh,region-level rule; exact district should use GPS/district mapping,Kharif/Rabi/Summer,6-10,20,30,80,83,rain/humidity,high,high,"Risk relevance increases when the listed crop, season and disease-favorable weather overlap in Khandesh.",sunken dark fruit lesions and dieback,"Use clean seed, field sanitation, canopy ventilation and locally recommended disease management.",FarmGuide curated rule; grounded against Maharashtra agricultural advisory sources,https://icar.gov.in/sites/default/files/Circulars/ICAR-En-Kharif-Agro-Advisories-for-Farmers-2025.pdf,curated rule; NOT measured prevalence; expert verification recommended,2026-10-03
DR0061,Chilli,Leaf curl complex,viral,False,Maharashtra,Vidarbha Plain,region-level rule; exact district should use GPS/district mapping,Kharif/Rabi/Summer,6-10,22,32,55,91,warm weather with vector pressure,medium-high,high,"Risk relevance increases when the listed crop, season and disease-favorable weather overlap in Vidarbha Plain.","leaf curling, puckering and stunting","Use healthy seedlings, vector management and tolerant varieties where available.",FarmGuide curated rule; grounded against Maharashtra agricultural advisory sources,https://icar.gov.in/sites/default/files/Circulars/ICAR-En-Kharif-Agro-Advisories-for-Farmers-2025.pdf,curated rule; NOT measured prevalence; expert verification recommended,2026-10-03
DR0062,Chilli,Leaf curl complex,viral,False,Maharashtra,Marathwada Plateau,region-level rule; exact district should use GPS/district mapping,Kharif/Rabi/Summer,6-10,22,32,55,83,warm weather with vector pressure,medium-high,high,"Risk relevance increases when the listed crop, season and disease-favorable weather overlap in Marathwada Plateau.","leaf curling, puckering and stunting","Use healthy seedlings, vector management and tolerant varieties where available.",FarmGuide curated rule; grounded against Maharashtra agricultural advisory sources,https://icar.gov.in/sites/default/files/Circulars/ICAR-En-Kharif-Agro-Advisories-for-Farmers-2025.pdf,curated rule; NOT measured prevalence; expert verification recommended,2026-10-03
DR0063,Chilli,Leaf curl complex,viral,False,Maharashtra,Western Maharashtra Plain,region-level rule; exact district should use GPS/district mapping,Kharif/Rabi/Summer,6-10,22,32,55,88,warm weather with vector pressure,medium-high,high,"Risk relevance increases when the listed crop, season and disease-favorable weather overlap in Western Maharashtra Plain.","leaf curling, puckering and stunting","Use healthy seedlings, vector management and tolerant varieties where available.",FarmGuide curated rule; grounded against Maharashtra agricultural advisory sources,https://icar.gov.in/sites/default/files/Circulars/ICAR-En-Kharif-Agro-Advisories-for-Farmers-2025.pdf,curated rule; NOT measured prevalence; expert verification recommended,2026-10-03
DR0064,Chilli,Leaf curl complex,viral,False,Maharashtra,Khandesh,region-level rule; exact district should use GPS/district mapping,Kharif/Rabi/Summer,6-10,22,32,55,83,warm weather with vector pressure,medium-high,high,"Risk relevance increases when the listed crop, season and disease-favorable weather overlap in Khandesh.","leaf curling, puckering and stunting","Use healthy seedlings, vector management and tolerant varieties where available.",FarmGuide curated rule; grounded against Maharashtra agricultural advisory sources,https://icar.gov.in/sites/default/files/Circulars/ICAR-En-Kharif-Agro-Advisories-for-Farmers-2025.pdf,curated rule; NOT measured prevalence; expert verification recommended,2026-10-03
DR0065,Chilli,Powdery mildew,fungal,False,Maharashtra,Vidarbha Plain,region-level rule; exact district should use GPS/district mapping,Kharif/Rabi/Summer,6-10,19,28,50,85,humid nights/dry foliage,medium,medium,"Risk relevance increases when the listed crop, season and disease-favorable weather overlap in Vidarbha Plain.",white powdery growth and yellowing,Improve airflow and follow local advisory guidance.,FarmGuide curated rule; grounded against Maharashtra agricultural advisory sources,https://icar.gov.in/sites/default/files/Circulars/ICAR-En-Kharif-Agro-Advisories-for-Farmers-2025.pdf,curated rule; NOT measured prevalence; expert verification recommended,2026-10-03
DR0066,Chilli,Powdery mildew,fungal,False,Maharashtra,Marathwada Plateau,region-level rule; exact district should use GPS/district mapping,Kharif/Rabi/Summer,6-10,18,28,50,83,humid nights/dry foliage,medium,medium-high,"Risk relevance increases when the listed crop, season and disease-favorable weather overlap in Marathwada Plateau.",white powdery growth and yellowing,Improve airflow and follow local advisory guidance.,FarmGuide curated rule; grounded against Maharashtra agricultural advisory sources,https://icar.gov.in/sites/default/files/Circulars/ICAR-En-Kharif-Agro-Advisories-for-Farmers-2025.pdf,curated rule; NOT measured prevalence; expert verification recommended,2026-10-03
DR0067,Chilli,Powdery mildew,fungal,False,Maharashtra,Western Maharashtra Plain,region-level rule; exact district should use GPS/district mapping,Kharif/Rabi/Summer,6-10,18,28,50,85,humid nights/dry foliage,medium,medium,"Risk relevance increases when the listed crop, season and disease-favorable weather overlap in Western Maharashtra Plain.",white powdery growth and yellowing,Improve airflow and follow local advisory guidance.,FarmGuide curated rule; grounded against Maharashtra agricultural advisory sources,https://icar.gov.in/sites/default/files/Circulars/ICAR-En-Kharif-Agro-Advisories-for-Farmers-2025.pdf,curated rule; NOT measured prevalence; expert verification recommended,2026-10-03
DR0068,Chilli,Powdery mildew,fungal,False,Maharashtra,Khandesh,region-level rule; exact district should use GPS/district mapping,Kharif/Rabi/Summer,6-10,20,28,50,83,humid nights/dry foliage,medium,medium,"Risk relevance increases when the listed crop, season and disease-favorable weather overlap in Khandesh.",white powdery growth and yellowing,Improve airflow and follow local advisory guidance.,FarmGuide curated rule; grounded against Maharashtra agricultural advisory sources,https://icar.gov.in/sites/default/files/Circulars/ICAR-En-Kharif-Agro-Advisories-for-Farmers-2025.pdf,curated rule; NOT measured prevalence; expert verification recommended,2026-10-03
DR0069,Onion,Purple blotch,fungal,False,Maharashtra,Khandesh,region-level rule; exact district should use GPS/district mapping,Kharif/Rabi/Summer,6-10,20,30,75,83,rain/dew,high,high,"Risk relevance increases when the listed crop, season and disease-favorable weather overlap in Khandesh.",purple-brown concentric lesions on leaves,"Use clean planting material, spacing, irrigation management and locally recommended fungicide program.",FarmGuide curated rule; grounded against Maharashtra agricultural advisory sources,https://icar.gov.in/sites/default/files/Circulars/ICAR-En-Kharif-Agro-Advisories-for-Farmers-2025.pdf,curated rule; NOT measured prevalence; expert verification recommended,2026-10-03
DR0070,Onion,Purple blotch,fungal,False,Maharashtra,Western Maharashtra Plain,region-level rule; exact district should use GPS/district mapping,Kharif/Rabi/Summer,6-10,20,30,75,88,rain/dew,high,high,"Risk relevance increases when the listed crop, season and disease-favorable weather overlap in Western Maharashtra Plain.",purple-brown concentric lesions on leaves,"Use clean planting material, spacing, irrigation management and locally recommended fungicide program.",FarmGuide curated rule; grounded against Maharashtra agricultural advisory sources,https://icar.gov.in/sites/default/files/Circulars/ICAR-En-Kharif-Agro-Advisories-for-Farmers-2025.pdf,curated rule; NOT measured prevalence; expert verification recommended,2026-10-03
DR0071,Onion,Purple blotch,fungal,False,Maharashtra,Khandesh,region-level rule; exact district should use GPS/district mapping,Kharif/Rabi/Summer,6-10,20,30,75,83,rain/dew,high,high,"Risk relevance increases when the listed crop, season and disease-favorable weather overlap in Khandesh.",purple-brown concentric lesions on leaves,"Use clean planting material, spacing, irrigation management and locally recommended fungicide program.",FarmGuide curated rule; grounded against Maharashtra agricultural advisory sources,https://icar.gov.in/sites/default/files/Circulars/ICAR-En-Kharif-Agro-Advisories-for-Farmers-2025.pdf,curated rule; NOT measured prevalence; expert verification recommended,2026-10-03
DR0072,Onion,Stemphylium blight,fungal,False,Maharashtra,Khandesh,region-level rule; exact district should use GPS/district mapping,Kharif/Rabi/Summer,6-10,20,30,75,83,humid/rainy periods,high,high,"Risk relevance increases when the listed crop, season and disease-favorable weather overlap in Khandesh.",dark elongated leaf lesions and drying,"Reduce prolonged leaf wetness, sanitation and integrated disease management.",FarmGuide curated rule; grounded against Maharashtra agricultural advisory sources,https://icar.gov.in/sites/default/files/Circulars/ICAR-En-Kharif-Agro-Advisories-for-Farmers-2025.pdf,curated rule; NOT measured prevalence; expert verification recommended,2026-10-03
DR0073,Onion,Stemphylium blight,fungal,False,Maharashtra,Western Maharashtra Plain,region-level rule; exact district should use GPS/district mapping,Kharif/Rabi/Summer,6-10,20,30,75,88,humid/rainy periods,high,high,"Risk relevance increases when the listed crop, season and disease-favorable weather overlap in Western Maharashtra Plain.",dark elongated leaf lesions and drying,"Reduce prolonged leaf wetness, sanitation and integrated disease management.",FarmGuide curated rule; grounded against Maharashtra agricultural advisory sources,https://icar.gov.in/sites/default/files/Circulars/ICAR-En-Kharif-Agro-Advisories-for-Farmers-2025.pdf,curated rule; NOT measured prevalence; expert verification recommended,2026-10-03
DR0074,Onion,Stemphylium blight,fungal,False,Maharashtra,Khandesh,region-level rule; exact district should use GPS/district mapping,Kharif/Rabi/Summer,6-10,20,30,75,83,humid/rainy periods,high,high,"Risk relevance increases when the listed crop, season and disease-favorable weather overlap in Khandesh.",dark elongated leaf lesions and drying,"Reduce prolonged leaf wetness, sanitation and integrated disease management.",FarmGuide curated rule; grounded against Maharashtra agricultural advisory sources,https://icar.gov.in/sites/default/files/Circulars/ICAR-En-Kharif-Agro-Advisories-for-Farmers-2025.pdf,curated rule; NOT measured prevalence; expert verification recommended,2026-10-03
DR0075,Onion,Downy mildew,oomycete,False,Maharashtra,Khandesh,region-level rule; exact district should use GPS/district mapping,Kharif/Rabi/Summer,6-10,20,25,85,83,cool humid weather,high,high,"Risk relevance increases when the listed crop, season and disease-favorable weather overlap in Khandesh.",pale patches with gray-violet growth,"Improve airflow, avoid prolonged wetness and follow local advisories.",FarmGuide curated rule; grounded against Maharashtra agricultural advisory sources,https://icar.gov.in/sites/default/files/Circulars/ICAR-En-Kharif-Agro-Advisories-for-Farmers-2025.pdf,curated rule; NOT measured prevalence; expert verification recommended,2026-10-03
DR0076,Onion,Downy mildew,oomycete,False,Maharashtra,Western Maharashtra Plain,region-level rule; exact district should use GPS/district mapping,Kharif/Rabi/Summer,6-10,16,25,85,88,cool humid weather,high,high,"Risk relevance increases when the listed crop, season and disease-favorable weather overlap in Western Maharashtra Plain.",pale patches with gray-violet growth,"Improve airflow, avoid prolonged wetness and follow local advisories.",FarmGuide curated rule; grounded against Maharashtra agricultural advisory sources,https://icar.gov.in/sites/default/files/Circulars/ICAR-En-Kharif-Agro-Advisories-for-Farmers-2025.pdf,curated rule; NOT measured prevalence; expert verification recommended,2026-10-03
DR0077,Onion,Downy mildew,oomycete,False,Maharashtra,Khandesh,region-level rule; exact district should use GPS/district mapping,Kharif/Rabi/Summer,6-10,20,25,85,83,cool humid weather,high,high,"Risk relevance increases when the listed crop, season and disease-favorable weather overlap in Khandesh.",pale patches with gray-violet growth,"Improve airflow, avoid prolonged wetness and follow local advisories.",FarmGuide curated rule; grounded against Maharashtra agricultural advisory sources,https://icar.gov.in/sites/default/files/Circulars/ICAR-En-Kharif-Agro-Advisories-for-Farmers-2025.pdf,curated rule; NOT measured prevalence; expert verification recommended,2026-10-03
DR0078,Onion,Basal rot,fungal,False,Maharashtra,Khandesh,region-level rule; exact district should use GPS/district mapping,Kharif/Rabi/Summer,6-10,20,32,50,83,warm soil/irrigation stress,medium,medium,"Risk relevance increases when the listed crop, season and disease-favorable weather overlap in Khandesh.","yellowing, wilting and basal bulb rot","Use healthy bulbs, drainage, crop rotation and sanitation.",FarmGuide curated rule; grounded against Maharashtra agricultural advisory sources,https://icar.gov.in/sites/default/files/Circulars/ICAR-En-Kharif-Agro-Advisories-for-Farmers-2025.pdf,curated rule; NOT measured prevalence; expert verification recommended,2026-10-03
DR0079,Onion,Basal rot,fungal,False,Maharashtra,Western Maharashtra Plain,region-level rule; exact district should use GPS/district mapping,Kharif/Rabi/Summer,6-10,20,32,50,88,warm soil/irrigation stress,medium,medium,"Risk relevance increases when the listed crop, season and disease-favorable weather overlap in Western Maharashtra Plain.","yellowing, wilting and basal bulb rot","Use healthy bulbs, drainage, crop rotation and sanitation.",FarmGuide curated rule; grounded against Maharashtra agricultural advisory sources,https://icar.gov.in/sites/default/files/Circulars/ICAR-En-Kharif-Agro-Advisories-for-Farmers-2025.pdf,curated rule; NOT measured prevalence; expert verification recommended,2026-10-03
DR0080,Onion,Basal rot,fungal,False,Maharashtra,Khandesh,region-level rule; exact district should use GPS/district mapping,Kharif/Rabi/Summer,6-10,20,32,50,83,warm soil/irrigation stress,medium,medium,"Risk relevance increases when the listed crop, season and disease-favorable weather overlap in Khandesh.","yellowing, wilting and basal bulb rot","Use healthy bulbs, drainage, crop rotation and sanitation.",FarmGuide curated rule; grounded against Maharashtra agricultural advisory sources,https://icar.gov.in/sites/default/files/Circulars/ICAR-En-Kharif-Agro-Advisories-for-Farmers-2025.pdf,curated rule; NOT measured prevalence; expert verification recommended,2026-10-03
DR0081,Brinjal,Phomopsis fruit rot,fungal,False,Maharashtra,Khandesh,region-level rule; exact district should use GPS/district mapping,Kharif/Rabi/Summer,6-10,20,32,75,83,rain/humidity,high,high,"Risk relevance increases when the listed crop, season and disease-favorable weather overlap in Khandesh.",circular sunken fruit lesions and rotting,"Sanitation, remove infected fruits, improve canopy ventilation and use local recommendations.",FarmGuide curated rule; grounded against Maharashtra agricultural advisory sources,https://icar.gov.in/sites/default/files/Circulars/ICAR-En-Kharif-Agro-Advisories-for-Farmers-2025.pdf,curated rule; NOT measured prevalence; expert verification recommended,2026-10-03
DR0082,Brinjal,Phomopsis fruit rot,fungal,False,Maharashtra,Western Maharashtra Plain,region-level rule; exact district should use GPS/district mapping,Kharif/Rabi/Summer,6-10,20,32,75,88,rain/humidity,high,high,"Risk relevance increases when the listed crop, season and disease-favorable weather overlap in Western Maharashtra Plain.",circular sunken fruit lesions and rotting,"Sanitation, remove infected fruits, improve canopy ventilation and use local recommendations.",FarmGuide curated rule; grounded against Maharashtra agricultural advisory sources,https://icar.gov.in/sites/default/files/Circulars/ICAR-En-Kharif-Agro-Advisories-for-Farmers-2025.pdf,curated rule; NOT measured prevalence; expert verification recommended,2026-10-03
DR0083,Brinjal,Phomopsis fruit rot,fungal,False,Maharashtra,Marathwada Plateau,region-level rule; exact district should use GPS/district mapping,Kharif/Rabi/Summer,6-10,20,32,75,83,rain/humidity,high,high,"Risk relevance increases when the listed crop, season and disease-favorable weather overlap in Marathwada Plateau.",circular sunken fruit lesions and rotting,"Sanitation, remove infected fruits, improve canopy ventilation and use local recommendations.",FarmGuide curated rule; grounded against Maharashtra agricultural advisory sources,https://icar.gov.in/sites/default/files/Circulars/ICAR-En-Kharif-Agro-Advisories-for-Farmers-2025.pdf,curated rule; NOT measured prevalence; expert verification recommended,2026-10-03
DR0084,Brinjal,Phomopsis fruit rot,fungal,False,Maharashtra,Vidarbha Plain,region-level rule; exact district should use GPS/district mapping,Kharif/Rabi/Summer,6-10,20,32,75,91,rain/humidity,high,high,"Risk relevance increases when the listed crop, season and disease-favorable weather overlap in Vidarbha Plain.",circular sunken fruit lesions and rotting,"Sanitation, remove infected fruits, improve canopy ventilation and use local recommendations.",FarmGuide curated rule; grounded against Maharashtra agricultural advisory sources,https://icar.gov.in/sites/default/files/Circulars/ICAR-En-Kharif-Agro-Advisories-for-Farmers-2025.pdf,curated rule; NOT measured prevalence; expert verification recommended,2026-10-03
DR0085,Brinjal,Phomopsis fruit rot,fungal,False,Maharashtra,Konkan,region-level rule; exact district should use GPS/district mapping,Kharif/Rabi/Summer,6-10,21,32,75,98,rain/humidity,high,high,"Risk relevance increases when the listed crop, season and disease-favorable weather overlap in Konkan.",circular sunken fruit lesions and rotting,"Sanitation, remove infected fruits, improve canopy ventilation and use local recommendations.",FarmGuide curated rule; grounded against Maharashtra agricultural advisory sources,https://icar.gov.in/sites/default/files/Circulars/ICAR-En-Kharif-Agro-Advisories-for-Farmers-2025.pdf,curated rule; NOT measured prevalence; expert verification recommended,2026-10-03
DR0086,Brinjal,Bacterial wilt,bacterial,False,Maharashtra,Khandesh,region-level rule; exact district should use GPS/district mapping,Kharif/Rabi/Summer,6-10,24,35,60,83,warm wet soil,high,high,"Risk relevance increases when the listed crop, season and disease-favorable weather overlap in Khandesh.",sudden wilt with green leaves; vascular discoloration,"Use resistant material where available, crop rotation, sanitation and avoid moving contaminated soil/water.",FarmGuide curated rule; grounded against Maharashtra agricultural advisory sources,https://icar.gov.in/sites/default/files/Circulars/ICAR-En-Kharif-Agro-Advisories-for-Farmers-2025.pdf,curated rule; NOT measured prevalence; expert verification recommended,2026-10-03
DR0087,Brinjal,Bacterial wilt,bacterial,False,Maharashtra,Western Maharashtra Plain,region-level rule; exact district should use GPS/district mapping,Kharif/Rabi/Summer,6-10,24,34,60,88,warm wet soil,high,high,"Risk relevance increases when the listed crop, season and disease-favorable weather overlap in Western Maharashtra Plain.",sudden wilt with green leaves; vascular discoloration,"Use resistant material where available, crop rotation, sanitation and avoid moving contaminated soil/water.",FarmGuide curated rule; grounded against Maharashtra agricultural advisory sources,https://icar.gov.in/sites/default/files/Circulars/ICAR-En-Kharif-Agro-Advisories-for-Farmers-2025.pdf,curated rule; NOT measured prevalence; expert verification recommended,2026-10-03
DR0088,Brinjal,Bacterial wilt,bacterial,False,Maharashtra,Marathwada Plateau,region-level rule; exact district should use GPS/district mapping,Kharif/Rabi/Summer,6-10,24,35,60,83,warm wet soil,high,high,"Risk relevance increases when the listed crop, season and disease-favorable weather overlap in Marathwada Plateau.",sudden wilt with green leaves; vascular discoloration,"Use resistant material where available, crop rotation, sanitation and avoid moving contaminated soil/water.",FarmGuide curated rule; grounded against Maharashtra agricultural advisory sources,https://icar.gov.in/sites/default/files/Circulars/ICAR-En-Kharif-Agro-Advisories-for-Farmers-2025.pdf,curated rule; NOT measured prevalence; expert verification recommended,2026-10-03
DR0089,Brinjal,Bacterial wilt,bacterial,False,Maharashtra,Vidarbha Plain,region-level rule; exact district should use GPS/district mapping,Kharif/Rabi/Summer,6-10,24,35,60,91,warm wet soil,high,high,"Risk relevance increases when the listed crop, season and disease-favorable weather overlap in Vidarbha Plain.",sudden wilt with green leaves; vascular discoloration,"Use resistant material where available, crop rotation, sanitation and avoid moving contaminated soil/water.",FarmGuide curated rule; grounded against Maharashtra agricultural advisory sources,https://icar.gov.in/sites/default/files/Circulars/ICAR-En-Kharif-Agro-Advisories-for-Farmers-2025.pdf,curated rule; NOT measured prevalence; expert verification recommended,2026-10-03
DR0090,Brinjal,Bacterial wilt,bacterial,False,Maharashtra,Konkan,region-level rule; exact district should use GPS/district mapping,Kharif/Rabi/Summer,6-10,24,34,65,95,warm wet soil,high,high,"Risk relevance increases when the listed crop, season and disease-favorable weather overlap in Konkan.",sudden wilt with green leaves; vascular discoloration,"Use resistant material where available, crop rotation, sanitation and avoid moving contaminated soil/water.",FarmGuide curated rule; grounded against Maharashtra agricultural advisory sources,https://icar.gov.in/sites/default/files/Circulars/ICAR-En-Kharif-Agro-Advisories-for-Farmers-2025.pdf,curated rule; NOT measured prevalence; expert verification recommended,2026-10-03
DR0091,Brinjal,Little leaf disease,phytoplasma,False,Maharashtra,Khandesh,region-level rule; exact district should use GPS/district mapping,Kharif/Rabi/Summer,6-10,20,32,50,83,warm vector-favorable weather,medium-high,high,"Risk relevance increases when the listed crop, season and disease-favorable weather overlap in Khandesh.","small chlorotic leaves, shortened internodes, bushy growth",Remove infected plants and manage leafhopper vectors using integrated practices.,FarmGuide curated rule; grounded against Maharashtra agricultural advisory sources,https://icar.gov.in/sites/default/files/Circulars/ICAR-En-Kharif-Agro-Advisories-for-Farmers-2025.pdf,curated rule; NOT measured prevalence; expert verification recommended,2026-10-03
DR0092,Brinjal,Little leaf disease,phytoplasma,False,Maharashtra,Western Maharashtra Plain,region-level rule; exact district should use GPS/district mapping,Kharif/Rabi/Summer,6-10,20,32,50,88,warm vector-favorable weather,medium-high,high,"Risk relevance increases when the listed crop, season and disease-favorable weather overlap in Western Maharashtra Plain.","small chlorotic leaves, shortened internodes, bushy growth",Remove infected plants and manage leafhopper vectors using integrated practices.,FarmGuide curated rule; grounded against Maharashtra agricultural advisory sources,https://icar.gov.in/sites/default/files/Circulars/ICAR-En-Kharif-Agro-Advisories-for-Farmers-2025.pdf,curated rule; NOT measured prevalence; expert verification recommended,2026-10-03
DR0093,Brinjal,Little leaf disease,phytoplasma,False,Maharashtra,Marathwada Plateau,region-level rule; exact district should use GPS/district mapping,Kharif/Rabi/Summer,6-10,20,32,50,83,warm vector-favorable weather,medium-high,high,"Risk relevance increases when the listed crop, season and disease-favorable weather overlap in Marathwada Plateau.","small chlorotic leaves, shortened internodes, bushy growth",Remove infected plants and manage leafhopper vectors using integrated practices.,FarmGuide curated rule; grounded against Maharashtra agricultural advisory sources,https://icar.gov.in/sites/default/files/Circulars/ICAR-En-Kharif-Agro-Advisories-for-Farmers-2025.pdf,curated rule; NOT measured prevalence; expert verification recommended,2026-10-03
DR0094,Brinjal,Little leaf disease,phytoplasma,False,Maharashtra,Vidarbha Plain,region-level rule; exact district should use GPS/district mapping,Kharif/Rabi/Summer,6-10,20,32,50,90,warm vector-favorable weather,medium-high,high,"Risk relevance increases when the listed crop, season and disease-favorable weather overlap in Vidarbha Plain.","small chlorotic leaves, shortened internodes, bushy growth",Remove infected plants and manage leafhopper vectors using integrated practices.,FarmGuide curated rule; grounded against Maharashtra agricultural advisory sources,https://icar.gov.in/sites/default/files/Circulars/ICAR-En-Kharif-Agro-Advisories-for-Farmers-2025.pdf,curated rule; NOT measured prevalence; expert verification recommended,2026-10-03
DR0095,Brinjal,Little leaf disease,phytoplasma,False,Maharashtra,Konkan,region-level rule; exact district should use GPS/district mapping,Kharif/Rabi/Summer,6-10,21,32,65,90,warm vector-favorable weather,medium-high,high,"Risk relevance increases when the listed crop, season and disease-favorable weather overlap in Konkan.","small chlorotic leaves, shortened internodes, bushy growth",Remove infected plants and manage leafhopper vectors using integrated practices.,FarmGuide curated rule; grounded against Maharashtra agricultural advisory sources,https://icar.gov.in/sites/default/files/Circulars/ICAR-En-Kharif-Agro-Advisories-for-Farmers-2025.pdf,curated rule; NOT measured prevalence; expert verification recommended,2026-10-03
DR0096,Okra,Yellow vein mosaic virus,viral,False,Maharashtra,Khandesh,region-level rule; exact district should use GPS/district mapping,Kharif/Rabi/Summer,6-10,22,32,55,83,warm weather/whitefly pressure,high,high,"Risk relevance increases when the listed crop, season and disease-favorable weather overlap in Khandesh.","yellow veins, mosaic and reduced pod production","Use tolerant varieties, healthy seedlings and integrated whitefly management.",FarmGuide curated rule; grounded against Maharashtra agricultural advisory sources,https://icar.gov.in/sites/default/files/Circulars/ICAR-En-Kharif-Agro-Advisories-for-Farmers-2025.pdf,curated rule; NOT measured prevalence; expert verification recommended,2026-10-03
DR0097,Okra,Yellow vein mosaic virus,viral,False,Maharashtra,Western Maharashtra Plain,region-level rule; exact district should use GPS/district mapping,Kharif/Rabi/Summer,6-10,22,32,55,88,warm weather/whitefly pressure,high,high,"Risk relevance increases when the listed crop, season and disease-favorable weather overlap in Western Maharashtra Plain.","yellow veins, mosaic and reduced pod production","Use tolerant varieties, healthy seedlings and integrated whitefly management.",FarmGuide curated rule; grounded against Maharashtra agricultural advisory sources,https://icar.gov.in/sites/default/files/Circulars/ICAR-En-Kharif-Agro-Advisories-for-Farmers-2025.pdf,curated rule; NOT measured prevalence; expert verification recommended,2026-10-03
DR0098,Okra,Yellow vein mosaic virus,viral,False,Maharashtra,Marathwada Plateau,region-level rule; exact district should use GPS/district mapping,Kharif/Rabi/Summer,6-10,22,32,55,83,warm weather/whitefly pressure,high,high,"Risk relevance increases when the listed crop, season and disease-favorable weather overlap in Marathwada Plateau.","yellow veins, mosaic and reduced pod production","Use tolerant varieties, healthy seedlings and integrated whitefly management.",FarmGuide curated rule; grounded against Maharashtra agricultural advisory sources,https://icar.gov.in/sites/default/files/Circulars/ICAR-En-Kharif-Agro-Advisories-for-Farmers-2025.pdf,curated rule; NOT measured prevalence; expert verification recommended,2026-10-03
DR0099,Okra,Yellow vein mosaic virus,viral,False,Maharashtra,Vidarbha Plain,region-level rule; exact district should use GPS/district mapping,Kharif/Rabi/Summer,6-10,22,32,55,91,warm weather/whitefly pressure,high,high,"Risk relevance increases when the listed crop, season and disease-favorable weather overlap in Vidarbha Plain.","yellow veins, mosaic and reduced pod production","Use tolerant varieties, healthy seedlings and integrated whitefly management.",FarmGuide curated rule; grounded against Maharashtra agricultural advisory sources,https://icar.gov.in/sites/default/files/Circulars/ICAR-En-Kharif-Agro-Advisories-for-Farmers-2025.pdf,curated rule; NOT measured prevalence; expert verification recommended,2026-10-03
DR0100,Okra,Yellow vein mosaic virus,viral,False,Maharashtra,Konkan,region-level rule; exact district should use GPS/district mapping,Kharif/Rabi/Summer,6-10,22,32,65,95,warm weather/whitefly pressure,high,high,"Risk relevance increases when the listed crop, season and disease-favorable weather overlap in Konkan.","yellow veins, mosaic and reduced pod production","Use tolerant varieties, healthy seedlings and integrated whitefly management.",FarmGuide curated rule; grounded against Maharashtra agricultural advisory sources,https://icar.gov.in/sites/default/files/Circulars/ICAR-En-Kharif-Agro-Advisories-for-Farmers-2025.pdf,curated rule; NOT measured prevalence; expert verification recommended,2026-10-03
DR0101,Okra,Powdery mildew,fungal,False,Maharashtra,Khandesh,region-level rule; exact district should use GPS/district mapping,Kharif/Rabi/Summer,6-10,20,30,50,83,humid nights/dry foliage,medium,medium,"Risk relevance increases when the listed crop, season and disease-favorable weather overlap in Khandesh.",white powdery patches on leaves,Improve airflow and follow local disease management.,FarmGuide curated rule; grounded against Maharashtra agricultural advisory sources,https://icar.gov.in/sites/default/files/Circulars/ICAR-En-Kharif-Agro-Advisories-for-Farmers-2025.pdf,curated rule; NOT measured prevalence; expert verification recommended,2026-10-03
DR0102,Okra,Powdery mildew,fungal,False,Maharashtra,Western Maharashtra Plain,region-level rule; exact district should use GPS/district mapping,Kharif/Rabi/Summer,6-10,18,30,50,85,humid nights/dry foliage,medium,medium,"Risk relevance increases when the listed crop, season and disease-favorable weather overlap in Western Maharashtra Plain.",white powdery patches on leaves,Improve airflow and follow local disease management.,FarmGuide curated rule; grounded against Maharashtra agricultural advisory sources,https://icar.gov.in/sites/default/files/Circulars/ICAR-En-Kharif-Agro-Advisories-for-Farmers-2025.pdf,curated rule; NOT measured prevalence; expert verification recommended,2026-10-03
DR0103,Okra,Powdery mildew,fungal,False,Maharashtra,Marathwada Plateau,region-level rule; exact district should use GPS/district mapping,Kharif/Rabi/Summer,6-10,18,30,50,83,humid nights/dry foliage,medium,medium-high,"Risk relevance increases when the listed crop, season and disease-favorable weather overlap in Marathwada Plateau.",white powdery patches on leaves,Improve airflow and follow local disease management.,FarmGuide curated rule; grounded against Maharashtra agricultural advisory sources,https://icar.gov.in/sites/default/files/Circulars/ICAR-En-Kharif-Agro-Advisories-for-Farmers-2025.pdf,curated rule; NOT measured prevalence; expert verification recommended,2026-10-03
DR0104,Okra,Powdery mildew,fungal,False,Maharashtra,Vidarbha Plain,region-level rule; exact district should use GPS/district mapping,Kharif/Rabi/Summer,6-10,19,30,50,85,humid nights/dry foliage,medium,medium,"Risk relevance increases when the listed crop, season and disease-favorable weather overlap in Vidarbha Plain.",white powdery patches on leaves,Improve airflow and follow local disease management.,FarmGuide curated rule; grounded against Maharashtra agricultural advisory sources,https://icar.gov.in/sites/default/files/Circulars/ICAR-En-Kharif-Agro-Advisories-for-Farmers-2025.pdf,curated rule; NOT measured prevalence; expert verification recommended,2026-10-03
DR0105,Okra,Powdery mildew,fungal,False,Maharashtra,Konkan,region-level rule; exact district should use GPS/district mapping,Kharif/Rabi/Summer,6-10,21,30,65,85,humid nights/dry foliage,medium,high,"Risk relevance increases when the listed crop, season and disease-favorable weather overlap in Konkan.",white powdery patches on leaves,Improve airflow and follow local disease management.,FarmGuide curated rule; grounded against Maharashtra agricultural advisory sources,https://icar.gov.in/sites/default/files/Circulars/ICAR-En-Kharif-Agro-Advisories-for-Farmers-2025.pdf,curated rule; NOT measured prevalence; expert verification recommended,2026-10-03
DR0106,Cabbage,Downy mildew,oomycete,False,Maharashtra,Western Maharashtra Plain,region-level rule; exact district should use GPS/district mapping,Rabi,6-10,16,25,80,88,cool humid weather,high,high,"Risk relevance increases when the listed crop, season and disease-favorable weather overlap in Western Maharashtra Plain.",yellow angular leaf patches with downy growth,"Avoid prolonged leaf wetness, use clean seedlings and follow local recommendations.",FarmGuide curated rule; grounded against Maharashtra agricultural advisory sources,https://icar.gov.in/sites/default/files/Circulars/ICAR-En-Kharif-Agro-Advisories-for-Farmers-2025.pdf,curated rule; NOT measured prevalence; expert verification recommended,2026-10-03
DR0107,Cabbage,Downy mildew,oomycete,False,Maharashtra,Khandesh,region-level rule; exact district should use GPS/district mapping,Rabi,6-10,20,25,80,83,cool humid weather,high,high,"Risk relevance increases when the listed crop, season and disease-favorable weather overlap in Khandesh.",yellow angular leaf patches with downy growth,"Avoid prolonged leaf wetness, use clean seedlings and follow local recommendations.",FarmGuide curated rule; grounded against Maharashtra agricultural advisory sources,https://icar.gov.in/sites/default/files/Circulars/ICAR-En-Kharif-Agro-Advisories-for-Farmers-2025.pdf,curated rule; NOT measured prevalence; expert verification recommended,2026-10-03
DR0108,Cabbage,Downy mildew,oomycete,False,Maharashtra,Konkan,region-level rule; exact district should use GPS/district mapping,Rabi,6-10,21,25,80,98,cool humid weather,high,high,"Risk relevance increases when the listed crop, season and disease-favorable weather overlap in Konkan.",yellow angular leaf patches with downy growth,"Avoid prolonged leaf wetness, use clean seedlings and follow local recommendations.",FarmGuide curated rule; grounded against Maharashtra agricultural advisory sources,https://icar.gov.in/sites/default/files/Circulars/ICAR-En-Kharif-Agro-Advisories-for-Farmers-2025.pdf,curated rule; NOT measured prevalence; expert verification recommended,2026-10-03
DR0109,Cabbage,Black rot,bacterial,False,Maharashtra,Western Maharashtra Plain,region-level rule; exact district should use GPS/district mapping,Rabi,6-10,20,30,70,88,rain/splash,high,high,"Risk relevance increases when the listed crop, season and disease-favorable weather overlap in Western Maharashtra Plain.",V-shaped yellow lesions from leaf margins,"Use clean seed, sanitation, rotation and avoid overhead irrigation.",FarmGuide curated rule; grounded against Maharashtra agricultural advisory sources,https://icar.gov.in/sites/default/files/Circulars/ICAR-En-Kharif-Agro-Advisories-for-Farmers-2025.pdf,curated rule; NOT measured prevalence; expert verification recommended,2026-10-03
DR0110,Cabbage,Black rot,bacterial,False,Maharashtra,Khandesh,region-level rule; exact district should use GPS/district mapping,Rabi,6-10,20,30,70,83,rain/splash,high,high,"Risk relevance increases when the listed crop, season and disease-favorable weather overlap in Khandesh.",V-shaped yellow lesions from leaf margins,"Use clean seed, sanitation, rotation and avoid overhead irrigation.",FarmGuide curated rule; grounded against Maharashtra agricultural advisory sources,https://icar.gov.in/sites/default/files/Circulars/ICAR-En-Kharif-Agro-Advisories-for-Farmers-2025.pdf,curated rule; NOT measured prevalence; expert verification recommended,2026-10-03
DR0111,Cabbage,Black rot,bacterial,False,Maharashtra,Konkan,region-level rule; exact district should use GPS/district mapping,Rabi,6-10,21,30,70,98,rain/splash,high,high,"Risk relevance increases when the listed crop, season and disease-favorable weather overlap in Konkan.",V-shaped yellow lesions from leaf margins,"Use clean seed, sanitation, rotation and avoid overhead irrigation.",FarmGuide curated rule; grounded against Maharashtra agricultural advisory sources,https://icar.gov.in/sites/default/files/Circulars/ICAR-En-Kharif-Agro-Advisories-for-Farmers-2025.pdf,curated rule; NOT measured prevalence; expert verification recommended,2026-10-03
DR0112,Cauliflower,Downy mildew,oomycete,False,Maharashtra,Western Maharashtra Plain,region-level rule; exact district should use GPS/district mapping,Rabi,6-10,16,25,80,88,cool humid weather,high,high,"Risk relevance increases when the listed crop, season and disease-favorable weather overlap in Western Maharashtra Plain.",yellow leaf spots and downy growth,"Improve airflow, sanitation and locally recommended protection.",FarmGuide curated rule; grounded against Maharashtra agricultural advisory sources,https://icar.gov.in/sites/default/files/Circulars/ICAR-En-Kharif-Agro-Advisories-for-Farmers-2025.pdf,curated rule; NOT measured prevalence; expert verification recommended,2026-10-03
DR0113,Cauliflower,Downy mildew,oomycete,False,Maharashtra,Khandesh,region-level rule; exact district should use GPS/district mapping,Rabi,6-10,20,25,80,83,cool humid weather,high,high,"Risk relevance increases when the listed crop, season and disease-favorable weather overlap in Khandesh.",yellow leaf spots and downy growth,"Improve airflow, sanitation and locally recommended protection.",FarmGuide curated rule; grounded against Maharashtra agricultural advisory sources,https://icar.gov.in/sites/default/files/Circulars/ICAR-En-Kharif-Agro-Advisories-for-Farmers-2025.pdf,curated rule; NOT measured prevalence; expert verification recommended,2026-10-03
DR0114,Cauliflower,Downy mildew,oomycete,False,Maharashtra,Konkan,region-level rule; exact district should use GPS/district mapping,Rabi,6-10,21,25,80,98,cool humid weather,high,high,"Risk relevance increases when the listed crop, season and disease-favorable weather overlap in Konkan.",yellow leaf spots and downy growth,"Improve airflow, sanitation and locally recommended protection.",FarmGuide curated rule; grounded against Maharashtra agricultural advisory sources,https://icar.gov.in/sites/default/files/Circulars/ICAR-En-Kharif-Agro-Advisories-for-Farmers-2025.pdf,curated rule; NOT measured prevalence; expert verification recommended,2026-10-03
DR0115,Cucumber,Downy mildew,oomycete,False,Maharashtra,Khandesh,region-level rule; exact district should use GPS/district mapping,Kharif/Rabi/Summer,6-10,20,28,80,83,humid/rainy weather,very high,high,"Risk relevance increases when the listed crop, season and disease-favorable weather overlap in Khandesh.",angular yellow leaf lesions,"Reduce leaf wetness, improve airflow and monitor disease advisories.",FarmGuide curated rule; grounded against Maharashtra agricultural advisory sources,https://icar.gov.in/sites/default/files/Circulars/ICAR-En-Kharif-Agro-Advisories-for-Farmers-2025.pdf,curated rule; NOT measured prevalence; expert verification recommended,2026-10-03
DR0116,Cucumber,Downy mildew,oomycete,False,Maharashtra,Western Maharashtra Plain,region-level rule; exact district should use GPS/district mapping,Kharif/Rabi/Summer,6-10,16,28,80,88,humid/rainy weather,very high,high,"Risk relevance increases when the listed crop, season and disease-favorable weather overlap in Western Maharashtra Plain.",angular yellow leaf lesions,"Reduce leaf wetness, improve airflow and monitor disease advisories.",FarmGuide curated rule; grounded against Maharashtra agricultural advisory sources,https://icar.gov.in/sites/default/files/Circulars/ICAR-En-Kharif-Agro-Advisories-for-Farmers-2025.pdf,curated rule; NOT measured prevalence; expert verification recommended,2026-10-03
DR0117,Cucumber,Downy mildew,oomycete,False,Maharashtra,Marathwada Plateau,region-level rule; exact district should use GPS/district mapping,Kharif/Rabi/Summer,6-10,18,28,80,83,humid/rainy weather,very high,high,"Risk relevance increases when the listed crop, season and disease-favorable weather overlap in Marathwada Plateau.",angular yellow leaf lesions,"Reduce leaf wetness, improve airflow and monitor disease advisories.",FarmGuide curated rule; grounded against Maharashtra agricultural advisory sources,https://icar.gov.in/sites/default/files/Circulars/ICAR-En-Kharif-Agro-Advisories-for-Farmers-2025.pdf,curated rule; NOT measured prevalence; expert verification recommended,2026-10-03
DR0118,Cucumber,Downy mildew,oomycete,False,Maharashtra,Konkan,region-level rule; exact district should use GPS/district mapping,Kharif/Rabi/Summer,6-10,21,28,80,98,humid/rainy weather,very high,high,"Risk relevance increases when the listed crop, season and disease-favorable weather overlap in Konkan.",angular yellow leaf lesions,"Reduce leaf wetness, improve airflow and monitor disease advisories.",FarmGuide curated rule; grounded against Maharashtra agricultural advisory sources,https://icar.gov.in/sites/default/files/Circulars/ICAR-En-Kharif-Agro-Advisories-for-Farmers-2025.pdf,curated rule; NOT measured prevalence; expert verification recommended,2026-10-03
DR0119,Cucumber,Powdery mildew,fungal,False,Maharashtra,Khandesh,region-level rule; exact district should use GPS/district mapping,Kharif/Rabi/Summer,6-10,20,30,50,83,humid nights/dry foliage,medium-high,high,"Risk relevance increases when the listed crop, season and disease-favorable weather overlap in Khandesh.",white powdery colonies on leaves,Use resistant varieties where available and integrated disease management.,FarmGuide curated rule; grounded against Maharashtra agricultural advisory sources,https://icar.gov.in/sites/default/files/Circulars/ICAR-En-Kharif-Agro-Advisories-for-Farmers-2025.pdf,curated rule; NOT measured prevalence; expert verification recommended,2026-10-03
DR0120,Cucumber,Powdery mildew,fungal,False,Maharashtra,Western Maharashtra Plain,region-level rule; exact district should use GPS/district mapping,Kharif/Rabi/Summer,6-10,20,30,50,85,humid nights/dry foliage,medium-high,high,"Risk relevance increases when the listed crop, season and disease-favorable weather overlap in Western Maharashtra Plain.",white powdery colonies on leaves,Use resistant varieties where available and integrated disease management.,FarmGuide curated rule; grounded against Maharashtra agricultural advisory sources,https://icar.gov.in/sites/default/files/Circulars/ICAR-En-Kharif-Agro-Advisories-for-Farmers-2025.pdf,curated rule; NOT measured prevalence; expert verification recommended,2026-10-03
DR0121,Cucumber,Powdery mildew,fungal,False,Maharashtra,Marathwada Plateau,region-level rule; exact district should use GPS/district mapping,Kharif/Rabi/Summer,6-10,20,30,50,83,humid nights/dry foliage,medium-high,medium-high,"Risk relevance increases when the listed crop, season and disease-favorable weather overlap in Marathwada Plateau.",white powdery colonies on leaves,Use resistant varieties where available and integrated disease management.,FarmGuide curated rule; grounded against Maharashtra agricultural advisory sources,https://icar.gov.in/sites/default/files/Circulars/ICAR-En-Kharif-Agro-Advisories-for-Farmers-2025.pdf,curated rule; NOT measured prevalence; expert verification recommended,2026-10-03
DR0122,Cucumber,Powdery mildew,fungal,False,Maharashtra,Konkan,region-level rule; exact district should use GPS/district mapping,Kharif/Rabi/Summer,6-10,21,30,65,85,humid nights/dry foliage,medium-high,high,"Risk relevance increases when the listed crop, season and disease-favorable weather overlap in Konkan.",white powdery colonies on leaves,Use resistant varieties where available and integrated disease management.,FarmGuide curated rule; grounded against Maharashtra agricultural advisory sources,https://icar.gov.in/sites/default/files/Circulars/ICAR-En-Kharif-Agro-Advisories-for-Farmers-2025.pdf,curated rule; NOT measured prevalence; expert verification recommended,2026-10-03
DR0123,Grapes,Powdery mildew,fungal,False,Maharashtra,Khandesh,region-level rule; exact district should use GPS/district mapping,Perennial,6-10,20,30,45,83,humid canopy; dry leaf surface,high,high,"Risk relevance increases when the listed crop, season and disease-favorable weather overlap in Khandesh.",white powdery growth on berries and leaves,"Canopy management, sanitation and locally recommended disease-control schedule.",FarmGuide curated rule; grounded against Maharashtra agricultural advisory sources,https://icar.gov.in/sites/default/files/Circulars/ICAR-En-Kharif-Agro-Advisories-for-Farmers-2025.pdf,curated rule; NOT measured prevalence; expert verification recommended,2026-10-03
DR0124,Grapes,Powdery mildew,fungal,False,Maharashtra,Western Maharashtra Plain,region-level rule; exact district should use GPS/district mapping,Perennial,6-10,18,30,45,85,humid canopy; dry leaf surface,high,high,"Risk relevance increases when the listed crop, season and disease-favorable weather overlap in Western Maharashtra Plain.",white powdery growth on berries and leaves,"Canopy management, sanitation and locally recommended disease-control schedule.",FarmGuide curated rule; grounded against Maharashtra agricultural advisory sources,https://icar.gov.in/sites/default/files/Circulars/ICAR-En-Kharif-Agro-Advisories-for-Farmers-2025.pdf,curated rule; NOT measured prevalence; expert verification recommended,2026-10-03
DR0125,Grapes,Downy mildew,oomycete,False,Maharashtra,Khandesh,region-level rule; exact district should use GPS/district mapping,Perennial,6-10,20,28,80,83,rain/high humidity,very high,high,"Risk relevance increases when the listed crop, season and disease-favorable weather overlap in Khandesh.",yellow oil spots with white downy growth,"Reduce canopy wetness, monitor weather and follow regional grape advisory schedules.",FarmGuide curated rule; grounded against Maharashtra agricultural advisory sources,https://icar.gov.in/sites/default/files/Circulars/ICAR-En-Kharif-Agro-Advisories-for-Farmers-2025.pdf,curated rule; NOT measured prevalence; expert verification recommended,2026-10-03
DR0126,Grapes,Downy mildew,oomycete,False,Maharashtra,Western Maharashtra Plain,region-level rule; exact district should use GPS/district mapping,Perennial,6-10,18,28,80,88,rain/high humidity,very high,high,"Risk relevance increases when the listed crop, season and disease-favorable weather overlap in Western Maharashtra Plain.",yellow oil spots with white downy growth,"Reduce canopy wetness, monitor weather and follow regional grape advisory schedules.",FarmGuide curated rule; grounded against Maharashtra agricultural advisory sources,https://icar.gov.in/sites/default/files/Circulars/ICAR-En-Kharif-Agro-Advisories-for-Farmers-2025.pdf,curated rule; NOT measured prevalence; expert verification recommended,2026-10-03
DR0127,Grapes,Black rot,fungal,True,Maharashtra,Khandesh,region-level rule; exact district should use GPS/district mapping,Perennial,6-10,20,30,75,83,rain/humidity,high,high,"Risk relevance increases when the listed crop, season and disease-favorable weather overlap in Khandesh.",brown leaf lesions and blackened shriveled berries,"Remove mummified fruit, sanitation, canopy ventilation and local advisory-based protection.",FarmGuide curated rule; grounded against Maharashtra agricultural advisory sources,https://icar.gov.in/sites/default/files/Circulars/ICAR-En-Kharif-Agro-Advisories-for-Farmers-2025.pdf,curated rule; NOT measured prevalence; expert verification recommended,2026-10-03
DR0128,Grapes,Black rot,fungal,True,Maharashtra,Western Maharashtra Plain,region-level rule; exact district should use GPS/district mapping,Perennial,6-10,20,30,75,88,rain/humidity,high,high,"Risk relevance increases when the listed crop, season and disease-favorable weather overlap in Western Maharashtra Plain.",brown leaf lesions and blackened shriveled berries,"Remove mummified fruit, sanitation, canopy ventilation and local advisory-based protection.",FarmGuide curated rule; grounded against Maharashtra agricultural advisory sources,https://icar.gov.in/sites/default/files/Circulars/ICAR-En-Kharif-Agro-Advisories-for-Farmers-2025.pdf,curated rule; NOT measured prevalence; expert verification recommended,2026-10-03
DR0129,Grapes,Anthracnose,fungal,False,Maharashtra,Khandesh,region-level rule; exact district should use GPS/district mapping,Perennial,6-10,20,30,75,83,rain/humidity,high,high,"Risk relevance increases when the listed crop, season and disease-favorable weather overlap in Khandesh.","dark sunken lesions on shoots, leaves and berries","Prune infected tissue, sanitation and follow local recommendations.",FarmGuide curated rule; grounded against Maharashtra agricultural advisory sources,https://icar.gov.in/sites/default/files/Circulars/ICAR-En-Kharif-Agro-Advisories-for-Farmers-2025.pdf,curated rule; NOT measured prevalence; expert verification recommended,2026-10-03
DR0130,Grapes,Anthracnose,fungal,False,Maharashtra,Western Maharashtra Plain,region-level rule; exact district should use GPS/district mapping,Perennial,6-10,20,30,75,88,rain/humidity,high,high,"Risk relevance increases when the listed crop, season and disease-favorable weather overlap in Western Maharashtra Plain.","dark sunken lesions on shoots, leaves and berries","Prune infected tissue, sanitation and follow local recommendations.",FarmGuide curated rule; grounded against Maharashtra agricultural advisory sources,https://icar.gov.in/sites/default/files/Circulars/ICAR-En-Kharif-Agro-Advisories-for-Farmers-2025.pdf,curated rule; NOT measured prevalence; expert verification recommended,2026-10-03
DR0131,Grapes,Leaf blight,fungal,True,Maharashtra,Khandesh,region-level rule; exact district should use GPS/district mapping,Perennial,6-10,22,32,70,83,warm humid weather,high,high,"Risk relevance increases when the listed crop, season and disease-favorable weather overlap in Khandesh.",necrotic leaf lesions and defoliation,"Canopy ventilation, sanitation and locally approved management.",FarmGuide curated rule; grounded against Maharashtra agricultural advisory sources,https://icar.gov.in/sites/default/files/Circulars/ICAR-En-Kharif-Agro-Advisories-for-Farmers-2025.pdf,curated rule; NOT measured prevalence; expert verification recommended,2026-10-03
DR0132,Grapes,Leaf blight,fungal,True,Maharashtra,Western Maharashtra Plain,region-level rule; exact district should use GPS/district mapping,Perennial,6-10,22,32,70,88,warm humid weather,high,high,"Risk relevance increases when the listed crop, season and disease-favorable weather overlap in Western Maharashtra Plain.",necrotic leaf lesions and defoliation,"Canopy ventilation, sanitation and locally approved management.",FarmGuide curated rule; grounded against Maharashtra agricultural advisory sources,https://icar.gov.in/sites/default/files/Circulars/ICAR-En-Kharif-Agro-Advisories-for-Farmers-2025.pdf,curated rule; NOT measured prevalence; expert verification recommended,2026-10-03
DR0133,Grapes,Bacterial leaf spot,bacterial,False,Maharashtra,Khandesh,region-level rule; exact district should use GPS/district mapping,Perennial,6-10,22,32,70,83,rain/splash,medium-high,high,"Risk relevance increases when the listed crop, season and disease-favorable weather overlap in Khandesh.",water-soaked to dark leaf spots,"Clean planting material, avoid splash and use local advisory guidance.",FarmGuide curated rule; grounded against Maharashtra agricultural advisory sources,https://icar.gov.in/sites/default/files/Circulars/ICAR-En-Kharif-Agro-Advisories-for-Farmers-2025.pdf,curated rule; NOT measured prevalence; expert verification recommended,2026-10-03
DR0134,Grapes,Bacterial leaf spot,bacterial,False,Maharashtra,Western Maharashtra Plain,region-level rule; exact district should use GPS/district mapping,Perennial,6-10,22,32,70,88,rain/splash,medium-high,high,"Risk relevance increases when the listed crop, season and disease-favorable weather overlap in Western Maharashtra Plain.",water-soaked to dark leaf spots,"Clean planting material, avoid splash and use local advisory guidance.",FarmGuide curated rule; grounded against Maharashtra agricultural advisory sources,https://icar.gov.in/sites/default/files/Circulars/ICAR-En-Kharif-Agro-Advisories-for-Farmers-2025.pdf,curated rule; NOT measured prevalence; expert verification recommended,2026-10-03
DR0135,Pomegranate,Bacterial blight,bacterial,False,Maharashtra,Marathwada Plateau,region-level rule; exact district should use GPS/district mapping,Perennial,6-10,22,32,70,83,rain/humidity,very high,high,"Risk relevance increases when the listed crop, season and disease-favorable weather overlap in Marathwada Plateau.","dark water-soaked spots, fruit cracking/lesions","Sanitation, canopy ventilation, clean planting material and follow local pomegranate advisories.",FarmGuide curated rule; grounded against Maharashtra agricultural advisory sources,https://icar.gov.in/sites/default/files/Circulars/ICAR-En-Kharif-Agro-Advisories-for-Farmers-2025.pdf,curated rule; NOT measured prevalence; expert verification recommended,2026-10-03
DR0136,Pomegranate,Bacterial blight,bacterial,False,Maharashtra,Western Maharashtra Plain,region-level rule; exact district should use GPS/district mapping,Perennial,6-10,22,32,70,88,rain/humidity,very high,high,"Risk relevance increases when the listed crop, season and disease-favorable weather overlap in Western Maharashtra Plain.","dark water-soaked spots, fruit cracking/lesions","Sanitation, canopy ventilation, clean planting material and follow local pomegranate advisories.",FarmGuide curated rule; grounded against Maharashtra agricultural advisory sources,https://icar.gov.in/sites/default/files/Circulars/ICAR-En-Kharif-Agro-Advisories-for-Farmers-2025.pdf,curated rule; NOT measured prevalence; expert verification recommended,2026-10-03
DR0137,Pomegranate,Bacterial blight,bacterial,False,Maharashtra,Vidarbha Plain,region-level rule; exact district should use GPS/district mapping,Perennial,6-10,22,32,70,91,rain/humidity,very high,high,"Risk relevance increases when the listed crop, season and disease-favorable weather overlap in Vidarbha Plain.","dark water-soaked spots, fruit cracking/lesions","Sanitation, canopy ventilation, clean planting material and follow local pomegranate advisories.",FarmGuide curated rule; grounded against Maharashtra agricultural advisory sources,https://icar.gov.in/sites/default/files/Circulars/ICAR-En-Kharif-Agro-Advisories-for-Farmers-2025.pdf,curated rule; NOT measured prevalence; expert verification recommended,2026-10-03
DR0138,Pomegranate,Alternaria fruit spot,fungal,False,Maharashtra,Marathwada Plateau,region-level rule; exact district should use GPS/district mapping,Perennial,6-10,20,32,65,83,rain/humidity,high,high,"Risk relevance increases when the listed crop, season and disease-favorable weather overlap in Marathwada Plateau.",dark fruit spots and leaf lesions,"Remove infected debris/fruits, improve canopy airflow and follow local recommendations.",FarmGuide curated rule; grounded against Maharashtra agricultural advisory sources,https://icar.gov.in/sites/default/files/Circulars/ICAR-En-Kharif-Agro-Advisories-for-Farmers-2025.pdf,curated rule; NOT measured prevalence; expert verification recommended,2026-10-03
DR0139,Pomegranate,Alternaria fruit spot,fungal,False,Maharashtra,Western Maharashtra Plain,region-level rule; exact district should use GPS/district mapping,Perennial,6-10,20,32,65,88,rain/humidity,high,high,"Risk relevance increases when the listed crop, season and disease-favorable weather overlap in Western Maharashtra Plain.",dark fruit spots and leaf lesions,"Remove infected debris/fruits, improve canopy airflow and follow local recommendations.",FarmGuide curated rule; grounded against Maharashtra agricultural advisory sources,https://icar.gov.in/sites/default/files/Circulars/ICAR-En-Kharif-Agro-Advisories-for-Farmers-2025.pdf,curated rule; NOT measured prevalence; expert verification recommended,2026-10-03
DR0140,Pomegranate,Alternaria fruit spot,fungal,False,Maharashtra,Vidarbha Plain,region-level rule; exact district should use GPS/district mapping,Perennial,6-10,20,32,65,91,rain/humidity,high,high,"Risk relevance increases when the listed crop, season and disease-favorable weather overlap in Vidarbha Plain.",dark fruit spots and leaf lesions,"Remove infected debris/fruits, improve canopy airflow and follow local recommendations.",FarmGuide curated rule; grounded against Maharashtra agricultural advisory sources,https://icar.gov.in/sites/default/files/Circulars/ICAR-En-Kharif-Agro-Advisories-for-Farmers-2025.pdf,curated rule; NOT measured prevalence; expert verification recommended,2026-10-03
DR0141,Pomegranate,Wilt complex,fungal/soil-borne,False,Maharashtra,Marathwada Plateau,region-level rule; exact district should use GPS/district mapping,Perennial,6-10,22,35,50,83,warm soil and moisture stress,medium-high,high,"Risk relevance increases when the listed crop, season and disease-favorable weather overlap in Marathwada Plateau.","yellowing, wilting and vascular/root damage","Drainage, sanitation, crop rotation where feasible and certified planting material.",FarmGuide curated rule; grounded against Maharashtra agricultural advisory sources,https://icar.gov.in/sites/default/files/Circulars/ICAR-En-Kharif-Agro-Advisories-for-Farmers-2025.pdf,curated rule; NOT measured prevalence; expert verification recommended,2026-10-03
DR0142,Pomegranate,Wilt complex,fungal/soil-borne,False,Maharashtra,Western Maharashtra Plain,region-level rule; exact district should use GPS/district mapping,Perennial,6-10,22,34,50,88,warm soil and moisture stress,medium-high,high,"Risk relevance increases when the listed crop, season and disease-favorable weather overlap in Western Maharashtra Plain.","yellowing, wilting and vascular/root damage","Drainage, sanitation, crop rotation where feasible and certified planting material.",FarmGuide curated rule; grounded against Maharashtra agricultural advisory sources,https://icar.gov.in/sites/default/files/Circulars/ICAR-En-Kharif-Agro-Advisories-for-Farmers-2025.pdf,curated rule; NOT measured prevalence; expert verification recommended,2026-10-03
DR0143,Pomegranate,Wilt complex,fungal/soil-borne,False,Maharashtra,Vidarbha Plain,region-level rule; exact district should use GPS/district mapping,Perennial,6-10,22,35,50,90,warm soil and moisture stress,medium-high,high,"Risk relevance increases when the listed crop, season and disease-favorable weather overlap in Vidarbha Plain.","yellowing, wilting and vascular/root damage","Drainage, sanitation, crop rotation where feasible and certified planting material.",FarmGuide curated rule; grounded against Maharashtra agricultural advisory sources,https://icar.gov.in/sites/default/files/Circulars/ICAR-En-Kharif-Agro-Advisories-for-Farmers-2025.pdf,curated rule; NOT measured prevalence; expert verification recommended,2026-10-03
DR0144,Banana,Panama disease/Fusarium wilt,fungal,False,Maharashtra,Khandesh,region-level rule; exact district should use GPS/district mapping,Perennial,6-10,24,32,55,83,warm moist soil,high,high,"Risk relevance increases when the listed crop, season and disease-favorable weather overlap in Khandesh.","yellowing, leaf collapse and vascular discoloration","Use clean planting material, drainage, sanitation and resistant/tolerant cultivars where available.",FarmGuide curated rule; grounded against Maharashtra agricultural advisory sources,https://icar.gov.in/sites/default/files/Circulars/ICAR-En-Kharif-Agro-Advisories-for-Farmers-2025.pdf,curated rule; NOT measured prevalence; expert verification recommended,2026-10-03
DR0145,Banana,Panama disease/Fusarium wilt,fungal,False,Maharashtra,Konkan,region-level rule; exact district should use GPS/district mapping,Perennial,6-10,24,32,65,90,warm moist soil,high,high,"Risk relevance increases when the listed crop, season and disease-favorable weather overlap in Konkan.","yellowing, leaf collapse and vascular discoloration","Use clean planting material, drainage, sanitation and resistant/tolerant cultivars where available.",FarmGuide curated rule; grounded against Maharashtra agricultural advisory sources,https://icar.gov.in/sites/default/files/Circulars/ICAR-En-Kharif-Agro-Advisories-for-Farmers-2025.pdf,curated rule; NOT measured prevalence; expert verification recommended,2026-10-03
DR0146,Banana,Sigatoka leaf spot,fungal,False,Maharashtra,Khandesh,region-level rule; exact district should use GPS/district mapping,Perennial,6-10,22,30,75,83,humid/rainy weather,high,high,"Risk relevance increases when the listed crop, season and disease-favorable weather overlap in Khandesh.",dark streaks/spots and premature leaf drying,"Canopy management, sanitation and locally recommended protection.",FarmGuide curated rule; grounded against Maharashtra agricultural advisory sources,https://icar.gov.in/sites/default/files/Circulars/ICAR-En-Kharif-Agro-Advisories-for-Farmers-2025.pdf,curated rule; NOT measured prevalence; expert verification recommended,2026-10-03
DR0147,Banana,Sigatoka leaf spot,fungal,False,Maharashtra,Konkan,region-level rule; exact district should use GPS/district mapping,Perennial,6-10,22,30,75,98,humid/rainy weather,high,high,"Risk relevance increases when the listed crop, season and disease-favorable weather overlap in Konkan.",dark streaks/spots and premature leaf drying,"Canopy management, sanitation and locally recommended protection.",FarmGuide curated rule; grounded against Maharashtra agricultural advisory sources,https://icar.gov.in/sites/default/files/Circulars/ICAR-En-Kharif-Agro-Advisories-for-Farmers-2025.pdf,curated rule; NOT measured prevalence; expert verification recommended,2026-10-03
DR0148,Banana,Bunchy top virus,viral,False,Maharashtra,Khandesh,region-level rule; exact district should use GPS/district mapping,Perennial,6-10,20,30,50,83,vector pressure,high,high,"Risk relevance increases when the listed crop, season and disease-favorable weather overlap in Khandesh.",bunched narrow leaves and severe stunting,"Use virus-free planting material, rogue infected plants and manage vectors.",FarmGuide curated rule; grounded against Maharashtra agricultural advisory sources,https://icar.gov.in/sites/default/files/Circulars/ICAR-En-Kharif-Agro-Advisories-for-Farmers-2025.pdf,curated rule; NOT measured prevalence; expert verification recommended,2026-10-03
DR0149,Banana,Bunchy top virus,viral,False,Maharashtra,Konkan,region-level rule; exact district should use GPS/district mapping,Perennial,6-10,21,30,65,90,vector pressure,high,high,"Risk relevance increases when the listed crop, season and disease-favorable weather overlap in Konkan.",bunched narrow leaves and severe stunting,"Use virus-free planting material, rogue infected plants and manage vectors.",FarmGuide curated rule; grounded against Maharashtra agricultural advisory sources,https://icar.gov.in/sites/default/files/Circulars/ICAR-En-Kharif-Agro-Advisories-for-Farmers-2025.pdf,curated rule; NOT measured prevalence; expert verification recommended,2026-10-03
DR0150,Orange,Citrus greening (HLB),bacterial,True,Maharashtra,Vidarbha Plain,region-level rule; exact district should use GPS/district mapping,Perennial,6-10,20,32,50,90,vector-favorable warm weather,high,high,"Risk relevance increases when the listed crop, season and disease-favorable weather overlap in Vidarbha Plain.","blotchy mottling, small misshapen fruit and decline","Use certified planting material, monitor/manage psyllid vectors and remove confirmed infected trees per local guidance.",FarmGuide curated rule; grounded against Maharashtra agricultural advisory sources,https://icar.gov.in/sites/default/files/Circulars/ICAR-En-Kharif-Agro-Advisories-for-Farmers-2025.pdf,curated rule; NOT measured prevalence; expert verification recommended,2026-10-03
DR0151,Orange,Citrus greening (HLB),bacterial,True,Maharashtra,Eastern Vidarbha,region-level rule; exact district should use GPS/district mapping,Perennial,6-10,20,32,60,90,vector-favorable warm weather,high,high,"Risk relevance increases when the listed crop, season and disease-favorable weather overlap in Eastern Vidarbha.","blotchy mottling, small misshapen fruit and decline","Use certified planting material, monitor/manage psyllid vectors and remove confirmed infected trees per local guidance.",FarmGuide curated rule; grounded against Maharashtra agricultural advisory sources,https://icar.gov.in/sites/default/files/Circulars/ICAR-En-Kharif-Agro-Advisories-for-Farmers-2025.pdf,curated rule; NOT measured prevalence; expert verification recommended,2026-10-03
DR0152,Orange,Citrus canker,bacterial,False,Maharashtra,Vidarbha Plain,region-level rule; exact district should use GPS/district mapping,Perennial,6-10,24,32,75,91,rain/splash,high,high,"Risk relevance increases when the listed crop, season and disease-favorable weather overlap in Vidarbha Plain.",raised corky leaf and fruit lesions,"Use clean planting material, sanitation, windbreaks and local advisory management.",FarmGuide curated rule; grounded against Maharashtra agricultural advisory sources,https://icar.gov.in/sites/default/files/Circulars/ICAR-En-Kharif-Agro-Advisories-for-Farmers-2025.pdf,curated rule; NOT measured prevalence; expert verification recommended,2026-10-03
DR0153,Orange,Citrus canker,bacterial,False,Maharashtra,Eastern Vidarbha,region-level rule; exact district should use GPS/district mapping,Perennial,6-10,24,32,75,95,rain/splash,high,high,"Risk relevance increases when the listed crop, season and disease-favorable weather overlap in Eastern Vidarbha.",raised corky leaf and fruit lesions,"Use clean planting material, sanitation, windbreaks and local advisory management.",FarmGuide curated rule; grounded against Maharashtra agricultural advisory sources,https://icar.gov.in/sites/default/files/Circulars/ICAR-En-Kharif-Agro-Advisories-for-Farmers-2025.pdf,curated rule; NOT measured prevalence; expert verification recommended,2026-10-03
DR0154,Mango,Powdery mildew,fungal,False,Maharashtra,Konkan,region-level rule; exact district should use GPS/district mapping,Perennial,6-10,21,30,65,90,cool humid flowering weather,high,high,"Risk relevance increases when the listed crop, season and disease-favorable weather overlap in Konkan.",white powdery growth on panicles and young tissues,Improve orchard airflow and follow local mango advisories.,FarmGuide curated rule; grounded against Maharashtra agricultural advisory sources,https://icar.gov.in/sites/default/files/Circulars/ICAR-En-Kharif-Agro-Advisories-for-Farmers-2025.pdf,curated rule; NOT measured prevalence; expert verification recommended,2026-10-03
DR0155,Mango,Powdery mildew,fungal,False,Maharashtra,Western Maharashtra Plain,region-level rule; exact district should use GPS/district mapping,Perennial,6-10,18,30,50,88,cool humid flowering weather,high,high,"Risk relevance increases when the listed crop, season and disease-favorable weather overlap in Western Maharashtra Plain.",white powdery growth on panicles and young tissues,Improve orchard airflow and follow local mango advisories.,FarmGuide curated rule; grounded against Maharashtra agricultural advisory sources,https://icar.gov.in/sites/default/files/Circulars/ICAR-En-Kharif-Agro-Advisories-for-Farmers-2025.pdf,curated rule; NOT measured prevalence; expert verification recommended,2026-10-03
DR0156,Mango,Powdery mildew,fungal,False,Maharashtra,Vidarbha Plain,region-level rule; exact district should use GPS/district mapping,Perennial,6-10,19,30,50,90,cool humid flowering weather,high,high,"Risk relevance increases when the listed crop, season and disease-favorable weather overlap in Vidarbha Plain.",white powdery growth on panicles and young tissues,Improve orchard airflow and follow local mango advisories.,FarmGuide curated rule; grounded against Maharashtra agricultural advisory sources,https://icar.gov.in/sites/default/files/Circulars/ICAR-En-Kharif-Agro-Advisories-for-Farmers-2025.pdf,curated rule; NOT measured prevalence; expert verification recommended,2026-10-03
DR0157,Mango,Anthracnose,fungal,False,Maharashtra,Konkan,region-level rule; exact district should use GPS/district mapping,Perennial,6-10,21,32,75,98,rain/humidity,high,high,"Risk relevance increases when the listed crop, season and disease-favorable weather overlap in Konkan.","dark lesions on leaves, flowers and fruit","Pruning, sanitation, canopy ventilation and local disease management.",FarmGuide curated rule; grounded against Maharashtra agricultural advisory sources,https://icar.gov.in/sites/default/files/Circulars/ICAR-En-Kharif-Agro-Advisories-for-Farmers-2025.pdf,curated rule; NOT measured prevalence; expert verification recommended,2026-10-03
DR0158,Mango,Anthracnose,fungal,False,Maharashtra,Western Maharashtra Plain,region-level rule; exact district should use GPS/district mapping,Perennial,6-10,20,32,75,88,rain/humidity,high,high,"Risk relevance increases when the listed crop, season and disease-favorable weather overlap in Western Maharashtra Plain.","dark lesions on leaves, flowers and fruit","Pruning, sanitation, canopy ventilation and local disease management.",FarmGuide curated rule; grounded against Maharashtra agricultural advisory sources,https://icar.gov.in/sites/default/files/Circulars/ICAR-En-Kharif-Agro-Advisories-for-Farmers-2025.pdf,curated rule; NOT measured prevalence; expert verification recommended,2026-10-03
DR0159,Mango,Anthracnose,fungal,False,Maharashtra,Vidarbha Plain,region-level rule; exact district should use GPS/district mapping,Perennial,6-10,20,32,75,91,rain/humidity,high,high,"Risk relevance increases when the listed crop, season and disease-favorable weather overlap in Vidarbha Plain.","dark lesions on leaves, flowers and fruit","Pruning, sanitation, canopy ventilation and local disease management.",FarmGuide curated rule; grounded against Maharashtra agricultural advisory sources,https://icar.gov.in/sites/default/files/Circulars/ICAR-En-Kharif-Agro-Advisories-for-Farmers-2025.pdf,curated rule; NOT measured prevalence; expert verification recommended,2026-10-03
DR0160,Mango,Bacterial black spot,bacterial,False,Maharashtra,Konkan,region-level rule; exact district should use GPS/district mapping,Perennial,6-10,22,32,75,98,rain/wind-driven splash,medium-high,high,"Risk relevance increases when the listed crop, season and disease-favorable weather overlap in Konkan.",black angular spots and fruit lesions,"Use clean material, orchard sanitation and reduce splash/wind injury where practical.",FarmGuide curated rule; grounded against Maharashtra agricultural advisory sources,https://icar.gov.in/sites/default/files/Circulars/ICAR-En-Kharif-Agro-Advisories-for-Farmers-2025.pdf,curated rule; NOT measured prevalence; expert verification recommended,2026-10-03
DR0161,Mango,Bacterial black spot,bacterial,False,Maharashtra,Western Maharashtra Plain,region-level rule; exact district should use GPS/district mapping,Perennial,6-10,22,32,75,88,rain/wind-driven splash,medium-high,high,"Risk relevance increases when the listed crop, season and disease-favorable weather overlap in Western Maharashtra Plain.",black angular spots and fruit lesions,"Use clean material, orchard sanitation and reduce splash/wind injury where practical.",FarmGuide curated rule; grounded against Maharashtra agricultural advisory sources,https://icar.gov.in/sites/default/files/Circulars/ICAR-En-Kharif-Agro-Advisories-for-Farmers-2025.pdf,curated rule; NOT measured prevalence; expert verification recommended,2026-10-03
DR0162,Mango,Bacterial black spot,bacterial,False,Maharashtra,Vidarbha Plain,region-level rule; exact district should use GPS/district mapping,Perennial,6-10,22,32,75,91,rain/wind-driven splash,medium-high,high,"Risk relevance increases when the listed crop, season and disease-favorable weather overlap in Vidarbha Plain.",black angular spots and fruit lesions,"Use clean material, orchard sanitation and reduce splash/wind injury where practical.",FarmGuide curated rule; grounded against Maharashtra agricultural advisory sources,https://icar.gov.in/sites/default/files/Circulars/ICAR-En-Kharif-Agro-Advisories-for-Farmers-2025.pdf,curated rule; NOT measured prevalence; expert verification recommended,2026-10-03
DR0163,Papaya,Papaya ringspot virus,viral,False,Maharashtra,Vidarbha Plain,region-level rule; exact district should use GPS/district mapping,Perennial,6-10,22,32,50,90,vector-favorable warm weather,high,high,"Risk relevance increases when the listed crop, season and disease-favorable weather overlap in Vidarbha Plain.","mosaic, leaf distortion and ring-like fruit markings","Use healthy seedlings, vector management and remove severely affected plants.",FarmGuide curated rule; grounded against Maharashtra agricultural advisory sources,https://icar.gov.in/sites/default/files/Circulars/ICAR-En-Kharif-Agro-Advisories-for-Farmers-2025.pdf,curated rule; NOT measured prevalence; expert verification recommended,2026-10-03
DR0164,Papaya,Papaya ringspot virus,viral,False,Maharashtra,Marathwada Plateau,region-level rule; exact district should use GPS/district mapping,Perennial,6-10,22,32,50,83,vector-favorable warm weather,high,high,"Risk relevance increases when the listed crop, season and disease-favorable weather overlap in Marathwada Plateau.","mosaic, leaf distortion and ring-like fruit markings","Use healthy seedlings, vector management and remove severely affected plants.",FarmGuide curated rule; grounded against Maharashtra agricultural advisory sources,https://icar.gov.in/sites/default/files/Circulars/ICAR-En-Kharif-Agro-Advisories-for-Farmers-2025.pdf,curated rule; NOT measured prevalence; expert verification recommended,2026-10-03
DR0165,Papaya,Papaya ringspot virus,viral,False,Maharashtra,Western Maharashtra Plain,region-level rule; exact district should use GPS/district mapping,Perennial,6-10,22,32,50,88,vector-favorable warm weather,high,high,"Risk relevance increases when the listed crop, season and disease-favorable weather overlap in Western Maharashtra Plain.","mosaic, leaf distortion and ring-like fruit markings","Use healthy seedlings, vector management and remove severely affected plants.",FarmGuide curated rule; grounded against Maharashtra agricultural advisory sources,https://icar.gov.in/sites/default/files/Circulars/ICAR-En-Kharif-Agro-Advisories-for-Farmers-2025.pdf,curated rule; NOT measured prevalence; expert verification recommended,2026-10-03
DR0166,Papaya,Papaya ringspot virus,viral,False,Maharashtra,Konkan,region-level rule; exact district should use GPS/district mapping,Perennial,6-10,22,32,65,90,vector-favorable warm weather,high,high,"Risk relevance increases when the listed crop, season and disease-favorable weather overlap in Konkan.","mosaic, leaf distortion and ring-like fruit markings","Use healthy seedlings, vector management and remove severely affected plants.",FarmGuide curated rule; grounded against Maharashtra agricultural advisory sources,https://icar.gov.in/sites/default/files/Circulars/ICAR-En-Kharif-Agro-Advisories-for-Farmers-2025.pdf,curated rule; NOT measured prevalence; expert verification recommended,2026-10-03
DR0167,Papaya,Phytophthora fruit/root rot,oomycete,False,Maharashtra,Vidarbha Plain,region-level rule; exact district should use GPS/district mapping,Perennial,6-10,20,30,75,91,waterlogging/rain,high,high,"Risk relevance increases when the listed crop, season and disease-favorable weather overlap in Vidarbha Plain.",root/collar rot and fruit decay,"Improve drainage, avoid waterlogging, sanitation and local advisory guidance.",FarmGuide curated rule; grounded against Maharashtra agricultural advisory sources,https://icar.gov.in/sites/default/files/Circulars/ICAR-En-Kharif-Agro-Advisories-for-Farmers-2025.pdf,curated rule; NOT measured prevalence; expert verification recommended,2026-10-03
DR0168,Papaya,Phytophthora fruit/root rot,oomycete,False,Maharashtra,Marathwada Plateau,region-level rule; exact district should use GPS/district mapping,Perennial,6-10,20,30,75,83,waterlogging/rain,high,high,"Risk relevance increases when the listed crop, season and disease-favorable weather overlap in Marathwada Plateau.",root/collar rot and fruit decay,"Improve drainage, avoid waterlogging, sanitation and local advisory guidance.",FarmGuide curated rule; grounded against Maharashtra agricultural advisory sources,https://icar.gov.in/sites/default/files/Circulars/ICAR-En-Kharif-Agro-Advisories-for-Farmers-2025.pdf,curated rule; NOT measured prevalence; expert verification recommended,2026-10-03
DR0169,Papaya,Phytophthora fruit/root rot,oomycete,False,Maharashtra,Western Maharashtra Plain,region-level rule; exact district should use GPS/district mapping,Perennial,6-10,20,30,75,88,waterlogging/rain,high,high,"Risk relevance increases when the listed crop, season and disease-favorable weather overlap in Western Maharashtra Plain.",root/collar rot and fruit decay,"Improve drainage, avoid waterlogging, sanitation and local advisory guidance.",FarmGuide curated rule; grounded against Maharashtra agricultural advisory sources,https://icar.gov.in/sites/default/files/Circulars/ICAR-En-Kharif-Agro-Advisories-for-Farmers-2025.pdf,curated rule; NOT measured prevalence; expert verification recommended,2026-10-03
DR0170,Papaya,Phytophthora fruit/root rot,oomycete,False,Maharashtra,Konkan,region-level rule; exact district should use GPS/district mapping,Perennial,6-10,21,30,75,98,waterlogging/rain,high,high,"Risk relevance increases when the listed crop, season and disease-favorable weather overlap in Konkan.",root/collar rot and fruit decay,"Improve drainage, avoid waterlogging, sanitation and local advisory guidance.",FarmGuide curated rule; grounded against Maharashtra agricultural advisory sources,https://icar.gov.in/sites/default/files/Circulars/ICAR-En-Kharif-Agro-Advisories-for-Farmers-2025.pdf,curated rule; NOT measured prevalence; expert verification recommended,2026-10-03
DR0171,Guava,Wilt complex,fungal/soil-borne,False,Maharashtra,Western Maharashtra Plain,region-level rule; exact district should use GPS/district mapping,Perennial,6-10,22,34,50,88,warm soil and moisture stress,medium-high,high,"Risk relevance increases when the listed crop, season and disease-favorable weather overlap in Western Maharashtra Plain.","yellowing, wilt and branch dieback","Use healthy planting material, soil drainage, sanitation and local recommendations.",FarmGuide curated rule; grounded against Maharashtra agricultural advisory sources,https://icar.gov.in/sites/default/files/Circulars/ICAR-En-Kharif-Agro-Advisories-for-Farmers-2025.pdf,curated rule; NOT measured prevalence; expert verification recommended,2026-10-03
DR0172,Guava,Wilt complex,fungal/soil-borne,False,Maharashtra,Marathwada Plateau,region-level rule; exact district should use GPS/district mapping,Perennial,6-10,22,35,50,83,warm soil and moisture stress,medium-high,high,"Risk relevance increases when the listed crop, season and disease-favorable weather overlap in Marathwada Plateau.","yellowing, wilt and branch dieback","Use healthy planting material, soil drainage, sanitation and local recommendations.",FarmGuide curated rule; grounded against Maharashtra agricultural advisory sources,https://icar.gov.in/sites/default/files/Circulars/ICAR-En-Kharif-Agro-Advisories-for-Farmers-2025.pdf,curated rule; NOT measured prevalence; expert verification recommended,2026-10-03
DR0173,Guava,Wilt complex,fungal/soil-borne,False,Maharashtra,Vidarbha Plain,region-level rule; exact district should use GPS/district mapping,Perennial,6-10,22,35,50,90,warm soil and moisture stress,medium-high,high,"Risk relevance increases when the listed crop, season and disease-favorable weather overlap in Vidarbha Plain.","yellowing, wilt and branch dieback","Use healthy planting material, soil drainage, sanitation and local recommendations.",FarmGuide curated rule; grounded against Maharashtra agricultural advisory sources,https://icar.gov.in/sites/default/files/Circulars/ICAR-En-Kharif-Agro-Advisories-for-Farmers-2025.pdf,curated rule; NOT measured prevalence; expert verification recommended,2026-10-03
DR0174,Guava,Wilt complex,fungal/soil-borne,False,Maharashtra,Konkan,region-level rule; exact district should use GPS/district mapping,Perennial,6-10,22,34,65,90,warm soil and moisture stress,medium-high,high,"Risk relevance increases when the listed crop, season and disease-favorable weather overlap in Konkan.","yellowing, wilt and branch dieback","Use healthy planting material, soil drainage, sanitation and local recommendations.",FarmGuide curated rule; grounded against Maharashtra agricultural advisory sources,https://icar.gov.in/sites/default/files/Circulars/ICAR-En-Kharif-Agro-Advisories-for-Farmers-2025.pdf,curated rule; NOT measured prevalence; expert verification recommended,2026-10-03
DR0175,Guava,Anthracnose,fungal,False,Maharashtra,Western Maharashtra Plain,region-level rule; exact district should use GPS/district mapping,Perennial,6-10,20,32,75,88,rain/humidity,high,high,"Risk relevance increases when the listed crop, season and disease-favorable weather overlap in Western Maharashtra Plain.",dark fruit and leaf lesions,"Sanitation, canopy management and local disease-control recommendations.",FarmGuide curated rule; grounded against Maharashtra agricultural advisory sources,https://icar.gov.in/sites/default/files/Circulars/ICAR-En-Kharif-Agro-Advisories-for-Farmers-2025.pdf,curated rule; NOT measured prevalence; expert verification recommended,2026-10-03
DR0176,Guava,Anthracnose,fungal,False,Maharashtra,Marathwada Plateau,region-level rule; exact district should use GPS/district mapping,Perennial,6-10,20,32,75,83,rain/humidity,high,high,"Risk relevance increases when the listed crop, season and disease-favorable weather overlap in Marathwada Plateau.",dark fruit and leaf lesions,"Sanitation, canopy management and local disease-control recommendations.",FarmGuide curated rule; grounded against Maharashtra agricultural advisory sources,https://icar.gov.in/sites/default/files/Circulars/ICAR-En-Kharif-Agro-Advisories-for-Farmers-2025.pdf,curated rule; NOT measured prevalence; expert verification recommended,2026-10-03
DR0177,Guava,Anthracnose,fungal,False,Maharashtra,Vidarbha Plain,region-level rule; exact district should use GPS/district mapping,Perennial,6-10,20,32,75,91,rain/humidity,high,high,"Risk relevance increases when the listed crop, season and disease-favorable weather overlap in Vidarbha Plain.",dark fruit and leaf lesions,"Sanitation, canopy management and local disease-control recommendations.",FarmGuide curated rule; grounded against Maharashtra agricultural advisory sources,https://icar.gov.in/sites/default/files/Circulars/ICAR-En-Kharif-Agro-Advisories-for-Farmers-2025.pdf,curated rule; NOT measured prevalence; expert verification recommended,2026-10-03
DR0178,Guava,Anthracnose,fungal,False,Maharashtra,Konkan,region-level rule; exact district should use GPS/district mapping,Perennial,6-10,21,32,75,98,rain/humidity,high,high,"Risk relevance increases when the listed crop, season and disease-favorable weather overlap in Konkan.",dark fruit and leaf lesions,"Sanitation, canopy management and local disease-control recommendations.",FarmGuide curated rule; grounded against Maharashtra agricultural advisory sources,https://icar.gov.in/sites/default/files/Circulars/ICAR-En-Kharif-Agro-Advisories-for-Farmers-2025.pdf,curated rule; NOT measured prevalence; expert verification recommended,2026-10-03
DR0179,Apple,Apple scab,fungal,True,Maharashtra,Western Maharashtra Plain,region-level rule; exact district should use GPS/district mapping,Perennial,6-10,16,24,80,88,cool wet periods,very high,high,"Risk relevance increases when the listed crop, season and disease-favorable weather overlap in Western Maharashtra Plain.",olive-brown leaf/fruit lesions,"Remove infected leaf litter, improve canopy airflow and follow local orchard advisories.",FarmGuide curated rule; grounded against Maharashtra agricultural advisory sources,https://icar.gov.in/sites/default/files/Circulars/ICAR-En-Kharif-Agro-Advisories-for-Farmers-2025.pdf,curated rule; NOT measured prevalence; expert verification recommended,2026-10-03
DR0180,Apple,Black rot,fungal,True,Maharashtra,Western Maharashtra Plain,region-level rule; exact district should use GPS/district mapping,Perennial,6-10,18,30,70,88,warm wet periods,high,high,"Risk relevance increases when the listed crop, season and disease-favorable weather overlap in Western Maharashtra Plain.",frog-eye leaf spots and fruit rot,"Sanitation, pruning and removal of mummified fruit; follow local recommendations.",FarmGuide curated rule; grounded against Maharashtra agricultural advisory sources,https://icar.gov.in/sites/default/files/Circulars/ICAR-En-Kharif-Agro-Advisories-for-Farmers-2025.pdf,curated rule; NOT measured prevalence; expert verification recommended,2026-10-03
DR0181,Apple,Cedar apple rust,fungal,True,Maharashtra,Western Maharashtra Plain,region-level rule; exact district should use GPS/district mapping,Perennial,6-10,16,25,70,88,spring moisture,medium-high,high,"Risk relevance increases when the listed crop, season and disease-favorable weather overlap in Western Maharashtra Plain.",orange-yellow leaf spots,Remove alternate hosts where practical and follow local orchard guidance.,FarmGuide curated rule; grounded against Maharashtra agricultural advisory sources,https://icar.gov.in/sites/default/files/Circulars/ICAR-En-Kharif-Agro-Advisories-for-Farmers-2025.pdf,curated rule; NOT measured prevalence; expert verification recommended,2026-10-03
DR0182,Peach,Bacterial spot,bacterial,True,Maharashtra,Western Maharashtra Plain,region-level rule; exact district should use GPS/district mapping,Perennial,6-10,20,30,70,88,rain/humidity,high,high,"Risk relevance increases when the listed crop, season and disease-favorable weather overlap in Western Maharashtra Plain.","leaf spots, shot holes and fruit lesions","Sanitation, healthy planting material and local advisory management.",FarmGuide curated rule; grounded against Maharashtra agricultural advisory sources,https://icar.gov.in/sites/default/files/Circulars/ICAR-En-Kharif-Agro-Advisories-for-Farmers-2025.pdf,curated rule; NOT measured prevalence; expert verification recommended,2026-10-03
DR0183,Cherry,Powdery mildew,fungal,True,Maharashtra,Western Maharashtra Plain,region-level rule; exact district should use GPS/district mapping,Perennial,6-10,18,28,50,85,humid nights/dry foliage,medium-high,high,"Risk relevance increases when the listed crop, season and disease-favorable weather overlap in Western Maharashtra Plain.",white powdery leaf and fruit growth,"Airflow, pruning and local orchard recommendations.",FarmGuide curated rule; grounded against Maharashtra agricultural advisory sources,https://icar.gov.in/sites/default/files/Circulars/ICAR-En-Kharif-Agro-Advisories-for-Farmers-2025.pdf,curated rule; NOT measured prevalence; expert verification recommended,2026-10-03
DR0184,Strawberry,Leaf scorch,fungal,True,Maharashtra,Western Maharashtra Plain,region-level rule; exact district should use GPS/district mapping,Rabi,6-10,18,28,65,88,humid/rainy weather,high,high,"Risk relevance increases when the listed crop, season and disease-favorable weather overlap in Western Maharashtra Plain.",purple-brown leaf lesions and scorched appearance,"Remove infected leaves, reduce prolonged wetness and use local recommendations.",FarmGuide curated rule; grounded against Maharashtra agricultural advisory sources,https://icar.gov.in/sites/default/files/Circulars/ICAR-En-Kharif-Agro-Advisories-for-Farmers-2025.pdf,curated rule; NOT measured prevalence; expert verification recommended,2026-10-03
DR0185,Cotton,Bacterial blight,bacterial,False,Maharashtra,Vidarbha Plain,region-level rule; exact district should use GPS/district mapping,Kharif,6-10,24,32,70,91,rain/splash,high,high,"Risk relevance increases when the listed crop, season and disease-favorable weather overlap in Vidarbha Plain.",angular water-soaked lesions and black arm lesions,"Use clean seed, resistant/tolerant varieties, sanitation and locally recommended protection.",FarmGuide curated rule; grounded against Maharashtra agricultural advisory sources,https://icar.gov.in/sites/default/files/Circulars/ICAR-En-Kharif-Agro-Advisories-for-Farmers-2025.pdf,curated rule; NOT measured prevalence; expert verification recommended,2026-10-03
DR0186,Cotton,Bacterial blight,bacterial,False,Maharashtra,Marathwada Plateau,region-level rule; exact district should use GPS/district mapping,Kharif,6-10,24,32,70,83,rain/splash,high,high,"Risk relevance increases when the listed crop, season and disease-favorable weather overlap in Marathwada Plateau.",angular water-soaked lesions and black arm lesions,"Use clean seed, resistant/tolerant varieties, sanitation and locally recommended protection.",FarmGuide curated rule; grounded against Maharashtra agricultural advisory sources,https://icar.gov.in/sites/default/files/Circulars/ICAR-En-Kharif-Agro-Advisories-for-Farmers-2025.pdf,curated rule; NOT measured prevalence; expert verification recommended,2026-10-03
DR0187,Cotton,Bacterial blight,bacterial,False,Maharashtra,Khandesh,region-level rule; exact district should use GPS/district mapping,Kharif,6-10,24,32,70,83,rain/splash,high,high,"Risk relevance increases when the listed crop, season and disease-favorable weather overlap in Khandesh.",angular water-soaked lesions and black arm lesions,"Use clean seed, resistant/tolerant varieties, sanitation and locally recommended protection.",FarmGuide curated rule; grounded against Maharashtra agricultural advisory sources,https://icar.gov.in/sites/default/files/Circulars/ICAR-En-Kharif-Agro-Advisories-for-Farmers-2025.pdf,curated rule; NOT measured prevalence; expert verification recommended,2026-10-03
DR0188,Cotton,Alternaria leaf spot,fungal,False,Maharashtra,Vidarbha Plain,region-level rule; exact district should use GPS/district mapping,Kharif,6-10,22,30,70,91,humid/rainy weather,medium-high,high,"Risk relevance increases when the listed crop, season and disease-favorable weather overlap in Vidarbha Plain.",brown circular leaf spots,"Balanced nutrition, sanitation, canopy management and local advisory guidance.",FarmGuide curated rule; grounded against Maharashtra agricultural advisory sources,https://icar.gov.in/sites/default/files/Circulars/ICAR-En-Kharif-Agro-Advisories-for-Farmers-2025.pdf,curated rule; NOT measured prevalence; expert verification recommended,2026-10-03
DR0189,Cotton,Alternaria leaf spot,fungal,False,Maharashtra,Marathwada Plateau,region-level rule; exact district should use GPS/district mapping,Kharif,6-10,22,30,70,83,humid/rainy weather,medium-high,high,"Risk relevance increases when the listed crop, season and disease-favorable weather overlap in Marathwada Plateau.",brown circular leaf spots,"Balanced nutrition, sanitation, canopy management and local advisory guidance.",FarmGuide curated rule; grounded against Maharashtra agricultural advisory sources,https://icar.gov.in/sites/default/files/Circulars/ICAR-En-Kharif-Agro-Advisories-for-Farmers-2025.pdf,curated rule; NOT measured prevalence; expert verification recommended,2026-10-03
DR0190,Cotton,Alternaria leaf spot,fungal,False,Maharashtra,Khandesh,region-level rule; exact district should use GPS/district mapping,Kharif,6-10,22,30,70,83,humid/rainy weather,medium-high,high,"Risk relevance increases when the listed crop, season and disease-favorable weather overlap in Khandesh.",brown circular leaf spots,"Balanced nutrition, sanitation, canopy management and local advisory guidance.",FarmGuide curated rule; grounded against Maharashtra agricultural advisory sources,https://icar.gov.in/sites/default/files/Circulars/ICAR-En-Kharif-Agro-Advisories-for-Farmers-2025.pdf,curated rule; NOT measured prevalence; expert verification recommended,2026-10-03
DR0191,Cotton,Fusarium wilt,fungal,False,Maharashtra,Vidarbha Plain,region-level rule; exact district should use GPS/district mapping,Kharif,6-10,25,35,50,85,warm soil,medium-high,high,"Risk relevance increases when the listed crop, season and disease-favorable weather overlap in Vidarbha Plain.","yellowing, wilting and vascular browning","Crop rotation, resistant varieties and clean planting material.",FarmGuide curated rule; grounded against Maharashtra agricultural advisory sources,https://icar.gov.in/sites/default/files/Circulars/ICAR-En-Kharif-Agro-Advisories-for-Farmers-2025.pdf,curated rule; NOT measured prevalence; expert verification recommended,2026-10-03
DR0192,Cotton,Fusarium wilt,fungal,False,Maharashtra,Marathwada Plateau,region-level rule; exact district should use GPS/district mapping,Kharif,6-10,25,35,45,83,warm soil,medium-high,medium-high,"Risk relevance increases when the listed crop, season and disease-favorable weather overlap in Marathwada Plateau.","yellowing, wilting and vascular browning","Crop rotation, resistant varieties and clean planting material.",FarmGuide curated rule; grounded against Maharashtra agricultural advisory sources,https://icar.gov.in/sites/default/files/Circulars/ICAR-En-Kharif-Agro-Advisories-for-Farmers-2025.pdf,curated rule; NOT measured prevalence; expert verification recommended,2026-10-03
DR0193,Cotton,Fusarium wilt,fungal,False,Maharashtra,Khandesh,region-level rule; exact district should use GPS/district mapping,Kharif,6-10,25,35,45,83,warm soil,medium-high,high,"Risk relevance increases when the listed crop, season and disease-favorable weather overlap in Khandesh.","yellowing, wilting and vascular browning","Crop rotation, resistant varieties and clean planting material.",FarmGuide curated rule; grounded against Maharashtra agricultural advisory sources,https://icar.gov.in/sites/default/files/Circulars/ICAR-En-Kharif-Agro-Advisories-for-Farmers-2025.pdf,curated rule; NOT measured prevalence; expert verification recommended,2026-10-03
DR0194,Soybean,Yellow mosaic virus,viral,False,Maharashtra,Vidarbha Plain,region-level rule; exact district should use GPS/district mapping,Kharif,6-10,22,32,55,91,warm weather/vector pressure,high,high,"Risk relevance increases when the listed crop, season and disease-favorable weather overlap in Vidarbha Plain.",yellow mosaic patches and stunting,"Use tolerant varieties, healthy seed and integrated vector management.",FarmGuide curated rule; grounded against Maharashtra agricultural advisory sources,https://icar.gov.in/sites/default/files/Circulars/ICAR-En-Kharif-Agro-Advisories-for-Farmers-2025.pdf,curated rule; NOT measured prevalence; expert verification recommended,2026-10-03
DR0195,Soybean,Yellow mosaic virus,viral,False,Maharashtra,Marathwada Plateau,region-level rule; exact district should use GPS/district mapping,Kharif,6-10,22,32,55,83,warm weather/vector pressure,high,high,"Risk relevance increases when the listed crop, season and disease-favorable weather overlap in Marathwada Plateau.",yellow mosaic patches and stunting,"Use tolerant varieties, healthy seed and integrated vector management.",FarmGuide curated rule; grounded against Maharashtra agricultural advisory sources,https://icar.gov.in/sites/default/files/Circulars/ICAR-En-Kharif-Agro-Advisories-for-Farmers-2025.pdf,curated rule; NOT measured prevalence; expert verification recommended,2026-10-03
DR0196,Soybean,Yellow mosaic virus,viral,False,Maharashtra,Khandesh,region-level rule; exact district should use GPS/district mapping,Kharif,6-10,22,32,55,83,warm weather/vector pressure,high,high,"Risk relevance increases when the listed crop, season and disease-favorable weather overlap in Khandesh.",yellow mosaic patches and stunting,"Use tolerant varieties, healthy seed and integrated vector management.",FarmGuide curated rule; grounded against Maharashtra agricultural advisory sources,https://icar.gov.in/sites/default/files/Circulars/ICAR-En-Kharif-Agro-Advisories-for-Farmers-2025.pdf,curated rule; NOT measured prevalence; expert verification recommended,2026-10-03
DR0197,Soybean,Yellow mosaic virus,viral,False,Maharashtra,Western Maharashtra Plain,region-level rule; exact district should use GPS/district mapping,Kharif,6-10,22,32,55,88,warm weather/vector pressure,high,high,"Risk relevance increases when the listed crop, season and disease-favorable weather overlap in Western Maharashtra Plain.",yellow mosaic patches and stunting,"Use tolerant varieties, healthy seed and integrated vector management.",FarmGuide curated rule; grounded against Maharashtra agricultural advisory sources,https://icar.gov.in/sites/default/files/Circulars/ICAR-En-Kharif-Agro-Advisories-for-Farmers-2025.pdf,curated rule; NOT measured prevalence; expert verification recommended,2026-10-03
DR0198,Soybean,Charcoal rot,fungal,False,Maharashtra,Vidarbha Plain,region-level rule; exact district should use GPS/district mapping,Kharif,6-10,28,35,50,70,hot/dry stress,medium-high,high,"Risk relevance increases when the listed crop, season and disease-favorable weather overlap in Vidarbha Plain.",premature wilting and root/stem discoloration,"Reduce moisture stress where possible, balanced nutrition, rotation and healthy seed.",FarmGuide curated rule; grounded against Maharashtra agricultural advisory sources,https://icar.gov.in/sites/default/files/Circulars/ICAR-En-Kharif-Agro-Advisories-for-Farmers-2025.pdf,curated rule; NOT measured prevalence; expert verification recommended,2026-10-03
DR0199,Soybean,Charcoal rot,fungal,False,Maharashtra,Marathwada Plateau,region-level rule; exact district should use GPS/district mapping,Kharif,6-10,28,35,40,70,hot/dry stress,medium-high,medium-high,"Risk relevance increases when the listed crop, season and disease-favorable weather overlap in Marathwada Plateau.",premature wilting and root/stem discoloration,"Reduce moisture stress where possible, balanced nutrition, rotation and healthy seed.",FarmGuide curated rule; grounded against Maharashtra agricultural advisory sources,https://icar.gov.in/sites/default/files/Circulars/ICAR-En-Kharif-Agro-Advisories-for-Farmers-2025.pdf,curated rule; NOT measured prevalence; expert verification recommended,2026-10-03
DR0200,Soybean,Charcoal rot,fungal,False,Maharashtra,Khandesh,region-level rule; exact district should use GPS/district mapping,Kharif,6-10,28,35,40,70,hot/dry stress,medium-high,high,"Risk relevance increases when the listed crop, season and disease-favorable weather overlap in Khandesh.",premature wilting and root/stem discoloration,"Reduce moisture stress where possible, balanced nutrition, rotation and healthy seed.",FarmGuide curated rule; grounded against Maharashtra agricultural advisory sources,https://icar.gov.in/sites/default/files/Circulars/ICAR-En-Kharif-Agro-Advisories-for-Farmers-2025.pdf,curated rule; NOT measured prevalence; expert verification recommended,2026-10-03
DR0201,Soybean,Charcoal rot,fungal,False,Maharashtra,Western Maharashtra Plain,region-level rule; exact district should use GPS/district mapping,Kharif,6-10,28,34,45,70,hot/dry stress,medium-high,high,"Risk relevance increases when the listed crop, season and disease-favorable weather overlap in Western Maharashtra Plain.",premature wilting and root/stem discoloration,"Reduce moisture stress where possible, balanced nutrition, rotation and healthy seed.",FarmGuide curated rule; grounded against Maharashtra agricultural advisory sources,https://icar.gov.in/sites/default/files/Circulars/ICAR-En-Kharif-Agro-Advisories-for-Farmers-2025.pdf,curated rule; NOT measured prevalence; expert verification recommended,2026-10-03
DR0202,Soybean,Rhizoctonia aerial blight,fungal,False,Maharashtra,Vidarbha Plain,region-level rule; exact district should use GPS/district mapping,Kharif,6-10,24,32,75,91,humid/rainy canopy,high,high,"Risk relevance increases when the listed crop, season and disease-favorable weather overlap in Vidarbha Plain.",irregular brown lesions and blighting,"Improve canopy airflow, avoid prolonged wetness and follow local guidance.",FarmGuide curated rule; grounded against Maharashtra agricultural advisory sources,https://icar.gov.in/sites/default/files/Circulars/ICAR-En-Kharif-Agro-Advisories-for-Farmers-2025.pdf,curated rule; NOT measured prevalence; expert verification recommended,2026-10-03
DR0203,Soybean,Rhizoctonia aerial blight,fungal,False,Maharashtra,Marathwada Plateau,region-level rule; exact district should use GPS/district mapping,Kharif,6-10,24,32,75,83,humid/rainy canopy,high,high,"Risk relevance increases when the listed crop, season and disease-favorable weather overlap in Marathwada Plateau.",irregular brown lesions and blighting,"Improve canopy airflow, avoid prolonged wetness and follow local guidance.",FarmGuide curated rule; grounded against Maharashtra agricultural advisory sources,https://icar.gov.in/sites/default/files/Circulars/ICAR-En-Kharif-Agro-Advisories-for-Farmers-2025.pdf,curated rule; NOT measured prevalence; expert verification recommended,2026-10-03
DR0204,Soybean,Rhizoctonia aerial blight,fungal,False,Maharashtra,Khandesh,region-level rule; exact district should use GPS/district mapping,Kharif,6-10,24,32,75,83,humid/rainy canopy,high,high,"Risk relevance increases when the listed crop, season and disease-favorable weather overlap in Khandesh.",irregular brown lesions and blighting,"Improve canopy airflow, avoid prolonged wetness and follow local guidance.",FarmGuide curated rule; grounded against Maharashtra agricultural advisory sources,https://icar.gov.in/sites/default/files/Circulars/ICAR-En-Kharif-Agro-Advisories-for-Farmers-2025.pdf,curated rule; NOT measured prevalence; expert verification recommended,2026-10-03
DR0205,Soybean,Rhizoctonia aerial blight,fungal,False,Maharashtra,Western Maharashtra Plain,region-level rule; exact district should use GPS/district mapping,Kharif,6-10,24,32,75,88,humid/rainy canopy,high,high,"Risk relevance increases when the listed crop, season and disease-favorable weather overlap in Western Maharashtra Plain.",irregular brown lesions and blighting,"Improve canopy airflow, avoid prolonged wetness and follow local guidance.",FarmGuide curated rule; grounded against Maharashtra agricultural advisory sources,https://icar.gov.in/sites/default/files/Circulars/ICAR-En-Kharif-Agro-Advisories-for-Farmers-2025.pdf,curated rule; NOT measured prevalence; expert verification recommended,2026-10-03
DR0206,Pigeonpea,Fusarium wilt,fungal,False,Maharashtra,Vidarbha Plain,region-level rule; exact district should use GPS/district mapping,Kharif,6-10,24,32,50,85,warm soil,high,high,"Risk relevance increases when the listed crop, season and disease-favorable weather overlap in Vidarbha Plain.","yellowing, wilt and vascular browning","Resistant varieties, crop rotation and healthy seed.",FarmGuide curated rule; grounded against Maharashtra agricultural advisory sources,https://icar.gov.in/sites/default/files/Circulars/ICAR-En-Kharif-Agro-Advisories-for-Farmers-2025.pdf,curated rule; NOT measured prevalence; expert verification recommended,2026-10-03
DR0207,Pigeonpea,Fusarium wilt,fungal,False,Maharashtra,Marathwada Plateau,region-level rule; exact district should use GPS/district mapping,Kharif,6-10,24,32,45,83,warm soil,high,medium-high,"Risk relevance increases when the listed crop, season and disease-favorable weather overlap in Marathwada Plateau.","yellowing, wilt and vascular browning","Resistant varieties, crop rotation and healthy seed.",FarmGuide curated rule; grounded against Maharashtra agricultural advisory sources,https://icar.gov.in/sites/default/files/Circulars/ICAR-En-Kharif-Agro-Advisories-for-Farmers-2025.pdf,curated rule; NOT measured prevalence; expert verification recommended,2026-10-03
DR0208,Pigeonpea,Fusarium wilt,fungal,False,Maharashtra,Khandesh,region-level rule; exact district should use GPS/district mapping,Kharif,6-10,24,32,45,83,warm soil,high,high,"Risk relevance increases when the listed crop, season and disease-favorable weather overlap in Khandesh.","yellowing, wilt and vascular browning","Resistant varieties, crop rotation and healthy seed.",FarmGuide curated rule; grounded against Maharashtra agricultural advisory sources,https://icar.gov.in/sites/default/files/Circulars/ICAR-En-Kharif-Agro-Advisories-for-Farmers-2025.pdf,curated rule; NOT measured prevalence; expert verification recommended,2026-10-03
DR0209,Pigeonpea,Sterility mosaic disease,viral,False,Maharashtra,Vidarbha Plain,region-level rule; exact district should use GPS/district mapping,Kharif,6-10,20,30,60,90,vector-favorable conditions,high,high,"Risk relevance increases when the listed crop, season and disease-favorable weather overlap in Vidarbha Plain.","mosaic, excessive branching and poor flowering",Use resistant varieties where available and manage mite vectors through integrated practices.,FarmGuide curated rule; grounded against Maharashtra agricultural advisory sources,https://icar.gov.in/sites/default/files/Circulars/ICAR-En-Kharif-Agro-Advisories-for-Farmers-2025.pdf,curated rule; NOT measured prevalence; expert verification recommended,2026-10-03
DR0210,Pigeonpea,Sterility mosaic disease,viral,False,Maharashtra,Marathwada Plateau,region-level rule; exact district should use GPS/district mapping,Kharif,6-10,20,30,60,83,vector-favorable conditions,high,high,"Risk relevance increases when the listed crop, season and disease-favorable weather overlap in Marathwada Plateau.","mosaic, excessive branching and poor flowering",Use resistant varieties where available and manage mite vectors through integrated practices.,FarmGuide curated rule; grounded against Maharashtra agricultural advisory sources,https://icar.gov.in/sites/default/files/Circulars/ICAR-En-Kharif-Agro-Advisories-for-Farmers-2025.pdf,curated rule; NOT measured prevalence; expert verification recommended,2026-10-03
DR0211,Pigeonpea,Sterility mosaic disease,viral,False,Maharashtra,Khandesh,region-level rule; exact district should use GPS/district mapping,Kharif,6-10,20,30,60,83,vector-favorable conditions,high,high,"Risk relevance increases when the listed crop, season and disease-favorable weather overlap in Khandesh.","mosaic, excessive branching and poor flowering",Use resistant varieties where available and manage mite vectors through integrated practices.,FarmGuide curated rule; grounded against Maharashtra agricultural advisory sources,https://icar.gov.in/sites/default/files/Circulars/ICAR-En-Kharif-Agro-Advisories-for-Farmers-2025.pdf,curated rule; NOT measured prevalence; expert verification recommended,2026-10-03
DR0212,Pigeonpea,Phytophthora blight,oomycete,False,Maharashtra,Vidarbha Plain,region-level rule; exact district should use GPS/district mapping,Kharif,6-10,22,30,80,91,heavy rain/waterlogging,high,high,"Risk relevance increases when the listed crop, season and disease-favorable weather overlap in Vidarbha Plain.",water-soaked lesions and rapid wilt,"Improve drainage, avoid waterlogging and use tolerant varieties where available.",FarmGuide curated rule; grounded against Maharashtra agricultural advisory sources,https://icar.gov.in/sites/default/files/Circulars/ICAR-En-Kharif-Agro-Advisories-for-Farmers-2025.pdf,curated rule; NOT measured prevalence; expert verification recommended,2026-10-03
DR0213,Pigeonpea,Phytophthora blight,oomycete,False,Maharashtra,Marathwada Plateau,region-level rule; exact district should use GPS/district mapping,Kharif,6-10,22,30,80,83,heavy rain/waterlogging,high,high,"Risk relevance increases when the listed crop, season and disease-favorable weather overlap in Marathwada Plateau.",water-soaked lesions and rapid wilt,"Improve drainage, avoid waterlogging and use tolerant varieties where available.",FarmGuide curated rule; grounded against Maharashtra agricultural advisory sources,https://icar.gov.in/sites/default/files/Circulars/ICAR-En-Kharif-Agro-Advisories-for-Farmers-2025.pdf,curated rule; NOT measured prevalence; expert verification recommended,2026-10-03
DR0214,Pigeonpea,Phytophthora blight,oomycete,False,Maharashtra,Khandesh,region-level rule; exact district should use GPS/district mapping,Kharif,6-10,22,30,80,83,heavy rain/waterlogging,high,high,"Risk relevance increases when the listed crop, season and disease-favorable weather overlap in Khandesh.",water-soaked lesions and rapid wilt,"Improve drainage, avoid waterlogging and use tolerant varieties where available.",FarmGuide curated rule; grounded against Maharashtra agricultural advisory sources,https://icar.gov.in/sites/default/files/Circulars/ICAR-En-Kharif-Agro-Advisories-for-Farmers-2025.pdf,curated rule; NOT measured prevalence; expert verification recommended,2026-10-03
DR0215,Chickpea,Fusarium wilt,fungal,False,Maharashtra,Vidarbha Plain,region-level rule; exact district should use GPS/district mapping,Rabi,6-10,20,30,50,80,moderate moisture,high,high,"Risk relevance increases when the listed crop, season and disease-favorable weather overlap in Vidarbha Plain.","drooping, yellowing and vascular browning","Healthy seed, resistant varieties and crop rotation.",FarmGuide curated rule; grounded against Maharashtra agricultural advisory sources,https://icar.gov.in/sites/default/files/Circulars/ICAR-En-Kharif-Agro-Advisories-for-Farmers-2025.pdf,curated rule; NOT measured prevalence; expert verification recommended,2026-10-03
DR0216,Chickpea,Fusarium wilt,fungal,False,Maharashtra,Marathwada Plateau,region-level rule; exact district should use GPS/district mapping,Rabi,6-10,20,30,40,80,moderate moisture,high,medium-high,"Risk relevance increases when the listed crop, season and disease-favorable weather overlap in Marathwada Plateau.","drooping, yellowing and vascular browning","Healthy seed, resistant varieties and crop rotation.",FarmGuide curated rule; grounded against Maharashtra agricultural advisory sources,https://icar.gov.in/sites/default/files/Circulars/ICAR-En-Kharif-Agro-Advisories-for-Farmers-2025.pdf,curated rule; NOT measured prevalence; expert verification recommended,2026-10-03
DR0217,Chickpea,Fusarium wilt,fungal,False,Maharashtra,Western Maharashtra Plain,region-level rule; exact district should use GPS/district mapping,Rabi,6-10,20,30,45,80,moderate moisture,high,high,"Risk relevance increases when the listed crop, season and disease-favorable weather overlap in Western Maharashtra Plain.","drooping, yellowing and vascular browning","Healthy seed, resistant varieties and crop rotation.",FarmGuide curated rule; grounded against Maharashtra agricultural advisory sources,https://icar.gov.in/sites/default/files/Circulars/ICAR-En-Kharif-Agro-Advisories-for-Farmers-2025.pdf,curated rule; NOT measured prevalence; expert verification recommended,2026-10-03
DR0218,Chickpea,Ascochyta blight,fungal,False,Maharashtra,Vidarbha Plain,region-level rule; exact district should use GPS/district mapping,Rabi,6-10,19,25,75,91,cool wet weather,high,high,"Risk relevance increases when the listed crop, season and disease-favorable weather overlap in Vidarbha Plain.","dark lesions on stems, leaves and pods","Use clean seed, rotation, canopy management and local recommendations.",FarmGuide curated rule; grounded against Maharashtra agricultural advisory sources,https://icar.gov.in/sites/default/files/Circulars/ICAR-En-Kharif-Agro-Advisories-for-Farmers-2025.pdf,curated rule; NOT measured prevalence; expert verification recommended,2026-10-03
DR0219,Chickpea,Ascochyta blight,fungal,False,Maharashtra,Marathwada Plateau,region-level rule; exact district should use GPS/district mapping,Rabi,6-10,18,25,75,83,cool wet weather,high,high,"Risk relevance increases when the listed crop, season and disease-favorable weather overlap in Marathwada Plateau.","dark lesions on stems, leaves and pods","Use clean seed, rotation, canopy management and local recommendations.",FarmGuide curated rule; grounded against Maharashtra agricultural advisory sources,https://icar.gov.in/sites/default/files/Circulars/ICAR-En-Kharif-Agro-Advisories-for-Farmers-2025.pdf,curated rule; NOT measured prevalence; expert verification recommended,2026-10-03
DR0220,Chickpea,Ascochyta blight,fungal,False,Maharashtra,Western Maharashtra Plain,region-level rule; exact district should use GPS/district mapping,Rabi,6-10,16,25,75,88,cool wet weather,high,high,"Risk relevance increases when the listed crop, season and disease-favorable weather overlap in Western Maharashtra Plain.","dark lesions on stems, leaves and pods","Use clean seed, rotation, canopy management and local recommendations.",FarmGuide curated rule; grounded against Maharashtra agricultural advisory sources,https://icar.gov.in/sites/default/files/Circulars/ICAR-En-Kharif-Agro-Advisories-for-Farmers-2025.pdf,curated rule; NOT measured prevalence; expert verification recommended,2026-10-03
DR0221,Chickpea,Dry root rot,fungal,False,Maharashtra,Vidarbha Plain,region-level rule; exact district should use GPS/district mapping,Rabi,6-10,28,36,50,65,hot/dry stress,medium-high,high,"Risk relevance increases when the listed crop, season and disease-favorable weather overlap in Vidarbha Plain.","dry roots, sudden wilt and plant death","Reduce drought stress where feasible, balanced nutrition and rotation.",FarmGuide curated rule; grounded against Maharashtra agricultural advisory sources,https://icar.gov.in/sites/default/files/Circulars/ICAR-En-Kharif-Agro-Advisories-for-Farmers-2025.pdf,curated rule; NOT measured prevalence; expert verification recommended,2026-10-03
DR0222,Chickpea,Dry root rot,fungal,False,Maharashtra,Marathwada Plateau,region-level rule; exact district should use GPS/district mapping,Rabi,6-10,28,37,40,65,hot/dry stress,medium-high,medium-high,"Risk relevance increases when the listed crop, season and disease-favorable weather overlap in Marathwada Plateau.","dry roots, sudden wilt and plant death","Reduce drought stress where feasible, balanced nutrition and rotation.",FarmGuide curated rule; grounded against Maharashtra agricultural advisory sources,https://icar.gov.in/sites/default/files/Circulars/ICAR-En-Kharif-Agro-Advisories-for-Farmers-2025.pdf,curated rule; NOT measured prevalence; expert verification recommended,2026-10-03
DR0223,Chickpea,Dry root rot,fungal,False,Maharashtra,Western Maharashtra Plain,region-level rule; exact district should use GPS/district mapping,Rabi,6-10,28,34,45,65,hot/dry stress,medium-high,high,"Risk relevance increases when the listed crop, season and disease-favorable weather overlap in Western Maharashtra Plain.","dry roots, sudden wilt and plant death","Reduce drought stress where feasible, balanced nutrition and rotation.",FarmGuide curated rule; grounded against Maharashtra agricultural advisory sources,https://icar.gov.in/sites/default/files/Circulars/ICAR-En-Kharif-Agro-Advisories-for-Farmers-2025.pdf,curated rule; NOT measured prevalence; expert verification recommended,2026-10-03
DR0224,Blackgram,Yellow mosaic virus,viral,False,Maharashtra,Vidarbha Plain,region-level rule; exact district should use GPS/district mapping,Kharif,6-10,22,32,55,91,warm/vector pressure,high,high,"Risk relevance increases when the listed crop, season and disease-favorable weather overlap in Vidarbha Plain.",yellow mosaic and stunting,"Use tolerant varieties, healthy seed and vector management.",FarmGuide curated rule; grounded against Maharashtra agricultural advisory sources,https://icar.gov.in/sites/default/files/Circulars/ICAR-En-Kharif-Agro-Advisories-for-Farmers-2025.pdf,curated rule; NOT measured prevalence; expert verification recommended,2026-10-03
DR0225,Blackgram,Yellow mosaic virus,viral,False,Maharashtra,Marathwada Plateau,region-level rule; exact district should use GPS/district mapping,Kharif,6-10,22,32,55,83,warm/vector pressure,high,high,"Risk relevance increases when the listed crop, season and disease-favorable weather overlap in Marathwada Plateau.",yellow mosaic and stunting,"Use tolerant varieties, healthy seed and vector management.",FarmGuide curated rule; grounded against Maharashtra agricultural advisory sources,https://icar.gov.in/sites/default/files/Circulars/ICAR-En-Kharif-Agro-Advisories-for-Farmers-2025.pdf,curated rule; NOT measured prevalence; expert verification recommended,2026-10-03
DR0226,Blackgram,Yellow mosaic virus,viral,False,Maharashtra,Western Maharashtra Plain,region-level rule; exact district should use GPS/district mapping,Kharif,6-10,22,32,55,88,warm/vector pressure,high,high,"Risk relevance increases when the listed crop, season and disease-favorable weather overlap in Western Maharashtra Plain.",yellow mosaic and stunting,"Use tolerant varieties, healthy seed and vector management.",FarmGuide curated rule; grounded against Maharashtra agricultural advisory sources,https://icar.gov.in/sites/default/files/Circulars/ICAR-En-Kharif-Agro-Advisories-for-Farmers-2025.pdf,curated rule; NOT measured prevalence; expert verification recommended,2026-10-03
DR0227,Greengram,Yellow mosaic virus,viral,False,Maharashtra,Vidarbha Plain,region-level rule; exact district should use GPS/district mapping,Kharif,6-10,22,32,55,91,warm/vector pressure,high,high,"Risk relevance increases when the listed crop, season and disease-favorable weather overlap in Vidarbha Plain.",yellow mosaic and stunting,"Use tolerant varieties, healthy seed and vector management.",FarmGuide curated rule; grounded against Maharashtra agricultural advisory sources,https://icar.gov.in/sites/default/files/Circulars/ICAR-En-Kharif-Agro-Advisories-for-Farmers-2025.pdf,curated rule; NOT measured prevalence; expert verification recommended,2026-10-03
DR0228,Greengram,Yellow mosaic virus,viral,False,Maharashtra,Marathwada Plateau,region-level rule; exact district should use GPS/district mapping,Kharif,6-10,22,32,55,83,warm/vector pressure,high,high,"Risk relevance increases when the listed crop, season and disease-favorable weather overlap in Marathwada Plateau.",yellow mosaic and stunting,"Use tolerant varieties, healthy seed and vector management.",FarmGuide curated rule; grounded against Maharashtra agricultural advisory sources,https://icar.gov.in/sites/default/files/Circulars/ICAR-En-Kharif-Agro-Advisories-for-Farmers-2025.pdf,curated rule; NOT measured prevalence; expert verification recommended,2026-10-03
DR0229,Greengram,Yellow mosaic virus,viral,False,Maharashtra,Khandesh,region-level rule; exact district should use GPS/district mapping,Kharif,6-10,22,32,55,83,warm/vector pressure,high,high,"Risk relevance increases when the listed crop, season and disease-favorable weather overlap in Khandesh.",yellow mosaic and stunting,"Use tolerant varieties, healthy seed and vector management.",FarmGuide curated rule; grounded against Maharashtra agricultural advisory sources,https://icar.gov.in/sites/default/files/Circulars/ICAR-En-Kharif-Agro-Advisories-for-Farmers-2025.pdf,curated rule; NOT measured prevalence; expert verification recommended,2026-10-03
DR0230,Groundnut,Tikka/early leaf spot,fungal,False,Maharashtra,Western Maharashtra Plain,region-level rule; exact district should use GPS/district mapping,Kharif,6-10,20,30,75,88,rain/dew,high,high,"Risk relevance increases when the listed crop, season and disease-favorable weather overlap in Western Maharashtra Plain.",small dark leaf spots and defoliation,"Crop rotation, residue management and local advisory-based protection.",FarmGuide curated rule; grounded against Maharashtra agricultural advisory sources,https://icar.gov.in/sites/default/files/Circulars/ICAR-En-Kharif-Agro-Advisories-for-Farmers-2025.pdf,curated rule; NOT measured prevalence; expert verification recommended,2026-10-03
DR0231,Groundnut,Tikka/early leaf spot,fungal,False,Maharashtra,Konkan,region-level rule; exact district should use GPS/district mapping,Kharif,6-10,21,30,75,98,rain/dew,high,high,"Risk relevance increases when the listed crop, season and disease-favorable weather overlap in Konkan.",small dark leaf spots and defoliation,"Crop rotation, residue management and local advisory-based protection.",FarmGuide curated rule; grounded against Maharashtra agricultural advisory sources,https://icar.gov.in/sites/default/files/Circulars/ICAR-En-Kharif-Agro-Advisories-for-Farmers-2025.pdf,curated rule; NOT measured prevalence; expert verification recommended,2026-10-03
DR0232,Groundnut,Tikka/early leaf spot,fungal,False,Maharashtra,Marathwada Plateau,region-level rule; exact district should use GPS/district mapping,Kharif,6-10,20,30,75,83,rain/dew,high,high,"Risk relevance increases when the listed crop, season and disease-favorable weather overlap in Marathwada Plateau.",small dark leaf spots and defoliation,"Crop rotation, residue management and local advisory-based protection.",FarmGuide curated rule; grounded against Maharashtra agricultural advisory sources,https://icar.gov.in/sites/default/files/Circulars/ICAR-En-Kharif-Agro-Advisories-for-Farmers-2025.pdf,curated rule; NOT measured prevalence; expert verification recommended,2026-10-03
DR0233,Groundnut,Late leaf spot,fungal,False,Maharashtra,Western Maharashtra Plain,region-level rule; exact district should use GPS/district mapping,Kharif,6-10,20,30,75,88,rain/dew,high,high,"Risk relevance increases when the listed crop, season and disease-favorable weather overlap in Western Maharashtra Plain.",dark leaf spots with yellowing and defoliation,"Reduce leaf wetness, rotate crops and follow local recommendations.",FarmGuide curated rule; grounded against Maharashtra agricultural advisory sources,https://icar.gov.in/sites/default/files/Circulars/ICAR-En-Kharif-Agro-Advisories-for-Farmers-2025.pdf,curated rule; NOT measured prevalence; expert verification recommended,2026-10-03
DR0234,Groundnut,Late leaf spot,fungal,False,Maharashtra,Konkan,region-level rule; exact district should use GPS/district mapping,Kharif,6-10,21,30,75,98,rain/dew,high,high,"Risk relevance increases when the listed crop, season and disease-favorable weather overlap in Konkan.",dark leaf spots with yellowing and defoliation,"Reduce leaf wetness, rotate crops and follow local recommendations.",FarmGuide curated rule; grounded against Maharashtra agricultural advisory sources,https://icar.gov.in/sites/default/files/Circulars/ICAR-En-Kharif-Agro-Advisories-for-Farmers-2025.pdf,curated rule; NOT measured prevalence; expert verification recommended,2026-10-03
DR0235,Groundnut,Late leaf spot,fungal,False,Maharashtra,Marathwada Plateau,region-level rule; exact district should use GPS/district mapping,Kharif,6-10,20,30,75,83,rain/dew,high,high,"Risk relevance increases when the listed crop, season and disease-favorable weather overlap in Marathwada Plateau.",dark leaf spots with yellowing and defoliation,"Reduce leaf wetness, rotate crops and follow local recommendations.",FarmGuide curated rule; grounded against Maharashtra agricultural advisory sources,https://icar.gov.in/sites/default/files/Circulars/ICAR-En-Kharif-Agro-Advisories-for-Farmers-2025.pdf,curated rule; NOT measured prevalence; expert verification recommended,2026-10-03
DR0236,Groundnut,Stem rot,fungal,False,Maharashtra,Western Maharashtra Plain,region-level rule; exact district should use GPS/district mapping,Kharif,6-10,25,34,50,88,warm moist soil,medium-high,high,"Risk relevance increases when the listed crop, season and disease-favorable weather overlap in Western Maharashtra Plain.",stem/collar rot and wilting,"Avoid excessive moisture, sanitation and crop rotation.",FarmGuide curated rule; grounded against Maharashtra agricultural advisory sources,https://icar.gov.in/sites/default/files/Circulars/ICAR-En-Kharif-Agro-Advisories-for-Farmers-2025.pdf,curated rule; NOT measured prevalence; expert verification recommended,2026-10-03
DR0237,Groundnut,Stem rot,fungal,False,Maharashtra,Konkan,region-level rule; exact district should use GPS/district mapping,Kharif,6-10,25,34,65,90,warm moist soil,medium-high,high,"Risk relevance increases when the listed crop, season and disease-favorable weather overlap in Konkan.",stem/collar rot and wilting,"Avoid excessive moisture, sanitation and crop rotation.",FarmGuide curated rule; grounded against Maharashtra agricultural advisory sources,https://icar.gov.in/sites/default/files/Circulars/ICAR-En-Kharif-Agro-Advisories-for-Farmers-2025.pdf,curated rule; NOT measured prevalence; expert verification recommended,2026-10-03
DR0238,Groundnut,Stem rot,fungal,False,Maharashtra,Marathwada Plateau,region-level rule; exact district should use GPS/district mapping,Kharif,6-10,25,35,50,83,warm moist soil,medium-high,high,"Risk relevance increases when the listed crop, season and disease-favorable weather overlap in Marathwada Plateau.",stem/collar rot and wilting,"Avoid excessive moisture, sanitation and crop rotation.",FarmGuide curated rule; grounded against Maharashtra agricultural advisory sources,https://icar.gov.in/sites/default/files/Circulars/ICAR-En-Kharif-Agro-Advisories-for-Farmers-2025.pdf,curated rule; NOT measured prevalence; expert verification recommended,2026-10-03
DR0239,Sorghum,Anthracnose,fungal,False,Maharashtra,Marathwada Plateau,region-level rule; exact district should use GPS/district mapping,Kharif,6-10,22,32,65,83,humid/rainy weather,high,high,"Risk relevance increases when the listed crop, season and disease-favorable weather overlap in Marathwada Plateau.",red-brown leaf lesions and stalk infection,"Resistant varieties, rotation, sanitation and local guidance.",FarmGuide curated rule; grounded against Maharashtra agricultural advisory sources,https://icar.gov.in/sites/default/files/Circulars/ICAR-En-Kharif-Agro-Advisories-for-Farmers-2025.pdf,curated rule; NOT measured prevalence; expert verification recommended,2026-10-03
DR0240,Sorghum,Anthracnose,fungal,False,Maharashtra,Western Maharashtra Plain,region-level rule; exact district should use GPS/district mapping,Kharif,6-10,22,32,65,88,humid/rainy weather,high,high,"Risk relevance increases when the listed crop, season and disease-favorable weather overlap in Western Maharashtra Plain.",red-brown leaf lesions and stalk infection,"Resistant varieties, rotation, sanitation and local guidance.",FarmGuide curated rule; grounded against Maharashtra agricultural advisory sources,https://icar.gov.in/sites/default/files/Circulars/ICAR-En-Kharif-Agro-Advisories-for-Farmers-2025.pdf,curated rule; NOT measured prevalence; expert verification recommended,2026-10-03
DR0241,Sorghum,Anthracnose,fungal,False,Maharashtra,Vidarbha Plain,region-level rule; exact district should use GPS/district mapping,Kharif,6-10,22,32,65,91,humid/rainy weather,high,high,"Risk relevance increases when the listed crop, season and disease-favorable weather overlap in Vidarbha Plain.",red-brown leaf lesions and stalk infection,"Resistant varieties, rotation, sanitation and local guidance.",FarmGuide curated rule; grounded against Maharashtra agricultural advisory sources,https://icar.gov.in/sites/default/files/Circulars/ICAR-En-Kharif-Agro-Advisories-for-Farmers-2025.pdf,curated rule; NOT measured prevalence; expert verification recommended,2026-10-03
DR0242,Sorghum,Downy mildew,oomycete,False,Maharashtra,Marathwada Plateau,region-level rule; exact district should use GPS/district mapping,Kharif,6-10,18,28,75,83,cool humid weather,high,high,"Risk relevance increases when the listed crop, season and disease-favorable weather overlap in Marathwada Plateau.",chlorotic stripes and downy growth,"Use resistant seed, sanitation and local recommendations.",FarmGuide curated rule; grounded against Maharashtra agricultural advisory sources,https://icar.gov.in/sites/default/files/Circulars/ICAR-En-Kharif-Agro-Advisories-for-Farmers-2025.pdf,curated rule; NOT measured prevalence; expert verification recommended,2026-10-03
DR0243,Sorghum,Downy mildew,oomycete,False,Maharashtra,Western Maharashtra Plain,region-level rule; exact district should use GPS/district mapping,Kharif,6-10,18,28,75,88,cool humid weather,high,high,"Risk relevance increases when the listed crop, season and disease-favorable weather overlap in Western Maharashtra Plain.",chlorotic stripes and downy growth,"Use resistant seed, sanitation and local recommendations.",FarmGuide curated rule; grounded against Maharashtra agricultural advisory sources,https://icar.gov.in/sites/default/files/Circulars/ICAR-En-Kharif-Agro-Advisories-for-Farmers-2025.pdf,curated rule; NOT measured prevalence; expert verification recommended,2026-10-03
DR0244,Sorghum,Downy mildew,oomycete,False,Maharashtra,Vidarbha Plain,region-level rule; exact district should use GPS/district mapping,Kharif,6-10,19,28,75,91,cool humid weather,high,high,"Risk relevance increases when the listed crop, season and disease-favorable weather overlap in Vidarbha Plain.",chlorotic stripes and downy growth,"Use resistant seed, sanitation and local recommendations.",FarmGuide curated rule; grounded against Maharashtra agricultural advisory sources,https://icar.gov.in/sites/default/files/Circulars/ICAR-En-Kharif-Agro-Advisories-for-Farmers-2025.pdf,curated rule; NOT measured prevalence; expert verification recommended,2026-10-03
DR0245,Pearl Millet,Downy mildew/green ear,oomycete,False,Maharashtra,Marathwada Plateau,region-level rule; exact district should use GPS/district mapping,Kharif,6-10,20,30,75,83,humid/rainy weather,high,high,"Risk relevance increases when the listed crop, season and disease-favorable weather overlap in Marathwada Plateau.",leaf chlorosis and malformed green-ear structures,"Use resistant varieties, clean seed and field sanitation.",FarmGuide curated rule; grounded against Maharashtra agricultural advisory sources,https://icar.gov.in/sites/default/files/Circulars/ICAR-En-Kharif-Agro-Advisories-for-Farmers-2025.pdf,curated rule; NOT measured prevalence; expert verification recommended,2026-10-03
DR0246,Pearl Millet,Downy mildew/green ear,oomycete,False,Maharashtra,Khandesh,region-level rule; exact district should use GPS/district mapping,Kharif,6-10,20,30,75,83,humid/rainy weather,high,high,"Risk relevance increases when the listed crop, season and disease-favorable weather overlap in Khandesh.",leaf chlorosis and malformed green-ear structures,"Use resistant varieties, clean seed and field sanitation.",FarmGuide curated rule; grounded against Maharashtra agricultural advisory sources,https://icar.gov.in/sites/default/files/Circulars/ICAR-En-Kharif-Agro-Advisories-for-Farmers-2025.pdf,curated rule; NOT measured prevalence; expert verification recommended,2026-10-03
DR0247,Pearl Millet,Downy mildew/green ear,oomycete,False,Maharashtra,Western Maharashtra Plain,region-level rule; exact district should use GPS/district mapping,Kharif,6-10,20,30,75,88,humid/rainy weather,high,high,"Risk relevance increases when the listed crop, season and disease-favorable weather overlap in Western Maharashtra Plain.",leaf chlorosis and malformed green-ear structures,"Use resistant varieties, clean seed and field sanitation.",FarmGuide curated rule; grounded against Maharashtra agricultural advisory sources,https://icar.gov.in/sites/default/files/Circulars/ICAR-En-Kharif-Agro-Advisories-for-Farmers-2025.pdf,curated rule; NOT measured prevalence; expert verification recommended,2026-10-03
DR0248,Rice,Blast,fungal,False,Maharashtra,Konkan,region-level rule; exact district should use GPS/district mapping,Kharif,6-10,21,30,75,98,humid/cloudy weather,very high,high,"Risk relevance increases when the listed crop, season and disease-favorable weather overlap in Konkan.",spindle-shaped leaf lesions and neck infection,"Balanced nitrogen, resistant varieties, avoid excessive canopy humidity and follow local advisory.",FarmGuide curated rule; grounded against Maharashtra agricultural advisory sources,https://icar.gov.in/sites/default/files/Circulars/ICAR-En-Kharif-Agro-Advisories-for-Farmers-2025.pdf,curated rule; NOT measured prevalence; expert verification recommended,2026-10-03
DR0249,Rice,Blast,fungal,False,Maharashtra,Eastern Vidarbha,region-level rule; exact district should use GPS/district mapping,Kharif,6-10,19,30,75,95,humid/cloudy weather,very high,high,"Risk relevance increases when the listed crop, season and disease-favorable weather overlap in Eastern Vidarbha.",spindle-shaped leaf lesions and neck infection,"Balanced nitrogen, resistant varieties, avoid excessive canopy humidity and follow local advisory.",FarmGuide curated rule; grounded against Maharashtra agricultural advisory sources,https://icar.gov.in/sites/default/files/Circulars/ICAR-En-Kharif-Agro-Advisories-for-Farmers-2025.pdf,curated rule; NOT measured prevalence; expert verification recommended,2026-10-03
DR0250,Rice,Blast,fungal,False,Maharashtra,Western Maharashtra Plain,region-level rule; exact district should use GPS/district mapping,Kharif,6-10,18,30,75,88,humid/cloudy weather,very high,high,"Risk relevance increases when the listed crop, season and disease-favorable weather overlap in Western Maharashtra Plain.",spindle-shaped leaf lesions and neck infection,"Balanced nitrogen, resistant varieties, avoid excessive canopy humidity and follow local advisory.",FarmGuide curated rule; grounded against Maharashtra agricultural advisory sources,https://icar.gov.in/sites/default/files/Circulars/ICAR-En-Kharif-Agro-Advisories-for-Farmers-2025.pdf,curated rule; NOT measured prevalence; expert verification recommended,2026-10-03
DR0251,Rice,Bacterial leaf blight,bacterial,False,Maharashtra,Konkan,region-level rule; exact district should use GPS/district mapping,Kharif,6-10,25,32,75,98,rain/flood splash,high,high,"Risk relevance increases when the listed crop, season and disease-favorable weather overlap in Konkan.",water-soaked leaf streaks progressing to drying,"Use resistant varieties, balanced nitrogen, clean water management and local recommendations.",FarmGuide curated rule; grounded against Maharashtra agricultural advisory sources,https://icar.gov.in/sites/default/files/Circulars/ICAR-En-Kharif-Agro-Advisories-for-Farmers-2025.pdf,curated rule; NOT measured prevalence; expert verification recommended,2026-10-03
DR0252,Rice,Bacterial leaf blight,bacterial,False,Maharashtra,Eastern Vidarbha,region-level rule; exact district should use GPS/district mapping,Kharif,6-10,25,32,75,95,rain/flood splash,high,high,"Risk relevance increases when the listed crop, season and disease-favorable weather overlap in Eastern Vidarbha.",water-soaked leaf streaks progressing to drying,"Use resistant varieties, balanced nitrogen, clean water management and local recommendations.",FarmGuide curated rule; grounded against Maharashtra agricultural advisory sources,https://icar.gov.in/sites/default/files/Circulars/ICAR-En-Kharif-Agro-Advisories-for-Farmers-2025.pdf,curated rule; NOT measured prevalence; expert verification recommended,2026-10-03
DR0253,Rice,Bacterial leaf blight,bacterial,False,Maharashtra,Western Maharashtra Plain,region-level rule; exact district should use GPS/district mapping,Kharif,6-10,25,32,75,88,rain/flood splash,high,high,"Risk relevance increases when the listed crop, season and disease-favorable weather overlap in Western Maharashtra Plain.",water-soaked leaf streaks progressing to drying,"Use resistant varieties, balanced nitrogen, clean water management and local recommendations.",FarmGuide curated rule; grounded against Maharashtra agricultural advisory sources,https://icar.gov.in/sites/default/files/Circulars/ICAR-En-Kharif-Agro-Advisories-for-Farmers-2025.pdf,curated rule; NOT measured prevalence; expert verification recommended,2026-10-03
DR0254,Rice,Sheath blight,fungal,False,Maharashtra,Konkan,region-level rule; exact district should use GPS/district mapping,Kharif,6-10,25,32,75,98,warm humid dense canopy,high,high,"Risk relevance increases when the listed crop, season and disease-favorable weather overlap in Konkan.",oval lesions on leaf sheaths,"Avoid excessive nitrogen, improve spacing/airflow and follow local guidance.",FarmGuide curated rule; grounded against Maharashtra agricultural advisory sources,https://icar.gov.in/sites/default/files/Circulars/ICAR-En-Kharif-Agro-Advisories-for-Farmers-2025.pdf,curated rule; NOT measured prevalence; expert verification recommended,2026-10-03
DR0255,Rice,Sheath blight,fungal,False,Maharashtra,Eastern Vidarbha,region-level rule; exact district should use GPS/district mapping,Kharif,6-10,25,32,75,95,warm humid dense canopy,high,high,"Risk relevance increases when the listed crop, season and disease-favorable weather overlap in Eastern Vidarbha.",oval lesions on leaf sheaths,"Avoid excessive nitrogen, improve spacing/airflow and follow local guidance.",FarmGuide curated rule; grounded against Maharashtra agricultural advisory sources,https://icar.gov.in/sites/default/files/Circulars/ICAR-En-Kharif-Agro-Advisories-for-Farmers-2025.pdf,curated rule; NOT measured prevalence; expert verification recommended,2026-10-03
DR0256,Rice,Sheath blight,fungal,False,Maharashtra,Western Maharashtra Plain,region-level rule; exact district should use GPS/district mapping,Kharif,6-10,25,32,75,88,warm humid dense canopy,high,high,"Risk relevance increases when the listed crop, season and disease-favorable weather overlap in Western Maharashtra Plain.",oval lesions on leaf sheaths,"Avoid excessive nitrogen, improve spacing/airflow and follow local guidance.",FarmGuide curated rule; grounded against Maharashtra agricultural advisory sources,https://icar.gov.in/sites/default/files/Circulars/ICAR-En-Kharif-Agro-Advisories-for-Farmers-2025.pdf,curated rule; NOT measured prevalence; expert verification recommended,2026-10-03
DR0257,Wheat,Leaf rust,fungal,False,Maharashtra,Western Maharashtra Plain,region-level rule; exact district should use GPS/district mapping,Rabi,6-10,16,25,70,88,cool humid weather,high,high,"Risk relevance increases when the listed crop, season and disease-favorable weather overlap in Western Maharashtra Plain.",orange-brown rust pustules,Use resistant varieties and follow local disease surveillance.,FarmGuide curated rule; grounded against Maharashtra agricultural advisory sources,https://icar.gov.in/sites/default/files/Circulars/ICAR-En-Kharif-Agro-Advisories-for-Farmers-2025.pdf,curated rule; NOT measured prevalence; expert verification recommended,2026-10-03
DR0258,Wheat,Leaf rust,fungal,False,Maharashtra,Marathwada Plateau,region-level rule; exact district should use GPS/district mapping,Rabi,6-10,18,25,70,83,cool humid weather,high,high,"Risk relevance increases when the listed crop, season and disease-favorable weather overlap in Marathwada Plateau.",orange-brown rust pustules,Use resistant varieties and follow local disease surveillance.,FarmGuide curated rule; grounded against Maharashtra agricultural advisory sources,https://icar.gov.in/sites/default/files/Circulars/ICAR-En-Kharif-Agro-Advisories-for-Farmers-2025.pdf,curated rule; NOT measured prevalence; expert verification recommended,2026-10-03
DR0259,Wheat,Leaf rust,fungal,False,Maharashtra,Vidarbha Plain,region-level rule; exact district should use GPS/district mapping,Rabi,6-10,19,25,70,91,cool humid weather,high,high,"Risk relevance increases when the listed crop, season and disease-favorable weather overlap in Vidarbha Plain.",orange-brown rust pustules,Use resistant varieties and follow local disease surveillance.,FarmGuide curated rule; grounded against Maharashtra agricultural advisory sources,https://icar.gov.in/sites/default/files/Circulars/ICAR-En-Kharif-Agro-Advisories-for-Farmers-2025.pdf,curated rule; NOT measured prevalence; expert verification recommended,2026-10-03
DR0260,Wheat,Powdery mildew,fungal,False,Maharashtra,Western Maharashtra Plain,region-level rule; exact district should use GPS/district mapping,Rabi,6-10,16,25,60,88,cool humid weather,medium-high,high,"Risk relevance increases when the listed crop, season and disease-favorable weather overlap in Western Maharashtra Plain.",white powdery colonies on leaves,Avoid dense canopy and follow local recommendations.,FarmGuide curated rule; grounded against Maharashtra agricultural advisory sources,https://icar.gov.in/sites/default/files/Circulars/ICAR-En-Kharif-Agro-Advisories-for-Farmers-2025.pdf,curated rule; NOT measured prevalence; expert verification recommended,2026-10-03
DR0261,Wheat,Powdery mildew,fungal,False,Maharashtra,Marathwada Plateau,region-level rule; exact district should use GPS/district mapping,Rabi,6-10,18,25,60,83,cool humid weather,medium-high,medium-high,"Risk relevance increases when the listed crop, season and disease-favorable weather overlap in Marathwada Plateau.",white powdery colonies on leaves,Avoid dense canopy and follow local recommendations.,FarmGuide curated rule; grounded against Maharashtra agricultural advisory sources,https://icar.gov.in/sites/default/files/Circulars/ICAR-En-Kharif-Agro-Advisories-for-Farmers-2025.pdf,curated rule; NOT measured prevalence; expert verification recommended,2026-10-03
DR0262,Wheat,Powdery mildew,fungal,False,Maharashtra,Vidarbha Plain,region-level rule; exact district should use GPS/district mapping,Rabi,6-10,19,25,60,91,cool humid weather,medium-high,high,"Risk relevance increases when the listed crop, season and disease-favorable weather overlap in Vidarbha Plain.",white powdery colonies on leaves,Avoid dense canopy and follow local recommendations.,FarmGuide curated rule; grounded against Maharashtra agricultural advisory sources,https://icar.gov.in/sites/default/files/Circulars/ICAR-En-Kharif-Agro-Advisories-for-Farmers-2025.pdf,curated rule; NOT measured prevalence; expert verification recommended,2026-10-03
DR0263,Wheat,Karnal bunt,fungal,False,Maharashtra,Western Maharashtra Plain,region-level rule; exact district should use GPS/district mapping,Rabi,6-10,16,23,75,88,cool humid flowering weather,medium,medium,"Risk relevance increases when the listed crop, season and disease-favorable weather overlap in Western Maharashtra Plain.",dark bunt-infected grains with odor,"Use certified seed, resistant varieties and follow seed-health regulations.",FarmGuide curated rule; grounded against Maharashtra agricultural advisory sources,https://icar.gov.in/sites/default/files/Circulars/ICAR-En-Kharif-Agro-Advisories-for-Farmers-2025.pdf,curated rule; NOT measured prevalence; expert verification recommended,2026-10-03
DR0264,Wheat,Karnal bunt,fungal,False,Maharashtra,Marathwada Plateau,region-level rule; exact district should use GPS/district mapping,Rabi,6-10,18,23,75,83,cool humid flowering weather,medium,medium,"Risk relevance increases when the listed crop, season and disease-favorable weather overlap in Marathwada Plateau.",dark bunt-infected grains with odor,"Use certified seed, resistant varieties and follow seed-health regulations.",FarmGuide curated rule; grounded against Maharashtra agricultural advisory sources,https://icar.gov.in/sites/default/files/Circulars/ICAR-En-Kharif-Agro-Advisories-for-Farmers-2025.pdf,curated rule; NOT measured prevalence; expert verification recommended,2026-10-03
DR0265,Wheat,Karnal bunt,fungal,False,Maharashtra,Vidarbha Plain,region-level rule; exact district should use GPS/district mapping,Rabi,6-10,19,23,75,91,cool humid flowering weather,medium,medium,"Risk relevance increases when the listed crop, season and disease-favorable weather overlap in Vidarbha Plain.",dark bunt-infected grains with odor,"Use certified seed, resistant varieties and follow seed-health regulations.",FarmGuide curated rule; grounded against Maharashtra agricultural advisory sources,https://icar.gov.in/sites/default/files/Circulars/ICAR-En-Kharif-Agro-Advisories-for-Farmers-2025.pdf,curated rule; NOT measured prevalence; expert verification recommended,2026-10-03
DR0266,Maize,Common rust,fungal,True,Maharashtra,Western Maharashtra Plain,region-level rule; exact district should use GPS/district mapping,Kharif,6-10,16,28,75,88,humid weather,high,high,"Risk relevance increases when the listed crop, season and disease-favorable weather overlap in Western Maharashtra Plain.",rust-colored pustules on leaves,Use tolerant hybrids and monitor fields during humid periods.,FarmGuide curated rule; grounded against Maharashtra agricultural advisory sources,https://icar.gov.in/sites/default/files/Circulars/ICAR-En-Kharif-Agro-Advisories-for-Farmers-2025.pdf,curated rule; NOT measured prevalence; expert verification recommended,2026-10-03
DR0267,Maize,Common rust,fungal,True,Maharashtra,Vidarbha Plain,region-level rule; exact district should use GPS/district mapping,Kharif,6-10,19,28,75,91,humid weather,high,high,"Risk relevance increases when the listed crop, season and disease-favorable weather overlap in Vidarbha Plain.",rust-colored pustules on leaves,Use tolerant hybrids and monitor fields during humid periods.,FarmGuide curated rule; grounded against Maharashtra agricultural advisory sources,https://icar.gov.in/sites/default/files/Circulars/ICAR-En-Kharif-Agro-Advisories-for-Farmers-2025.pdf,curated rule; NOT measured prevalence; expert verification recommended,2026-10-03
DR0268,Maize,Common rust,fungal,True,Maharashtra,Khandesh,region-level rule; exact district should use GPS/district mapping,Kharif,6-10,20,28,75,83,humid weather,high,high,"Risk relevance increases when the listed crop, season and disease-favorable weather overlap in Khandesh.",rust-colored pustules on leaves,Use tolerant hybrids and monitor fields during humid periods.,FarmGuide curated rule; grounded against Maharashtra agricultural advisory sources,https://icar.gov.in/sites/default/files/Circulars/ICAR-En-Kharif-Agro-Advisories-for-Farmers-2025.pdf,curated rule; NOT measured prevalence; expert verification recommended,2026-10-03
DR0269,Maize,Common rust,fungal,True,Maharashtra,Marathwada Plateau,region-level rule; exact district should use GPS/district mapping,Kharif,6-10,18,28,75,83,humid weather,high,high,"Risk relevance increases when the listed crop, season and disease-favorable weather overlap in Marathwada Plateau.",rust-colored pustules on leaves,Use tolerant hybrids and monitor fields during humid periods.,FarmGuide curated rule; grounded against Maharashtra agricultural advisory sources,https://icar.gov.in/sites/default/files/Circulars/ICAR-En-Kharif-Agro-Advisories-for-Farmers-2025.pdf,curated rule; NOT measured prevalence; expert verification recommended,2026-10-03
DR0270,Maize,Northern corn leaf blight,fungal,True,Maharashtra,Western Maharashtra Plain,region-level rule; exact district should use GPS/district mapping,Kharif,6-10,18,28,75,88,cool humid weather,high,high,"Risk relevance increases when the listed crop, season and disease-favorable weather overlap in Western Maharashtra Plain.",long cigar-shaped leaf lesions,"Use tolerant hybrids, rotation and residue management.",FarmGuide curated rule; grounded against Maharashtra agricultural advisory sources,https://icar.gov.in/sites/default/files/Circulars/ICAR-En-Kharif-Agro-Advisories-for-Farmers-2025.pdf,curated rule; NOT measured prevalence; expert verification recommended,2026-10-03
DR0271,Maize,Northern corn leaf blight,fungal,True,Maharashtra,Vidarbha Plain,region-level rule; exact district should use GPS/district mapping,Kharif,6-10,19,28,75,91,cool humid weather,high,high,"Risk relevance increases when the listed crop, season and disease-favorable weather overlap in Vidarbha Plain.",long cigar-shaped leaf lesions,"Use tolerant hybrids, rotation and residue management.",FarmGuide curated rule; grounded against Maharashtra agricultural advisory sources,https://icar.gov.in/sites/default/files/Circulars/ICAR-En-Kharif-Agro-Advisories-for-Farmers-2025.pdf,curated rule; NOT measured prevalence; expert verification recommended,2026-10-03
DR0272,Maize,Northern corn leaf blight,fungal,True,Maharashtra,Khandesh,region-level rule; exact district should use GPS/district mapping,Kharif,6-10,20,28,75,83,cool humid weather,high,high,"Risk relevance increases when the listed crop, season and disease-favorable weather overlap in Khandesh.",long cigar-shaped leaf lesions,"Use tolerant hybrids, rotation and residue management.",FarmGuide curated rule; grounded against Maharashtra agricultural advisory sources,https://icar.gov.in/sites/default/files/Circulars/ICAR-En-Kharif-Agro-Advisories-for-Farmers-2025.pdf,curated rule; NOT measured prevalence; expert verification recommended,2026-10-03
DR0273,Maize,Northern corn leaf blight,fungal,True,Maharashtra,Marathwada Plateau,region-level rule; exact district should use GPS/district mapping,Kharif,6-10,18,28,75,83,cool humid weather,high,high,"Risk relevance increases when the listed crop, season and disease-favorable weather overlap in Marathwada Plateau.",long cigar-shaped leaf lesions,"Use tolerant hybrids, rotation and residue management.",FarmGuide curated rule; grounded against Maharashtra agricultural advisory sources,https://icar.gov.in/sites/default/files/Circulars/ICAR-En-Kharif-Agro-Advisories-for-Farmers-2025.pdf,curated rule; NOT measured prevalence; expert verification recommended,2026-10-03
DR0274,Maize,Gray leaf spot,fungal,True,Maharashtra,Western Maharashtra Plain,region-level rule; exact district should use GPS/district mapping,Kharif,6-10,20,30,75,88,warm humid weather,high,high,"Risk relevance increases when the listed crop, season and disease-favorable weather overlap in Western Maharashtra Plain.",rectangular gray-brown lesions,"Crop rotation, residue management and tolerant hybrids.",FarmGuide curated rule; grounded against Maharashtra agricultural advisory sources,https://icar.gov.in/sites/default/files/Circulars/ICAR-En-Kharif-Agro-Advisories-for-Farmers-2025.pdf,curated rule; NOT measured prevalence; expert verification recommended,2026-10-03
DR0275,Maize,Gray leaf spot,fungal,True,Maharashtra,Vidarbha Plain,region-level rule; exact district should use GPS/district mapping,Kharif,6-10,20,30,75,91,warm humid weather,high,high,"Risk relevance increases when the listed crop, season and disease-favorable weather overlap in Vidarbha Plain.",rectangular gray-brown lesions,"Crop rotation, residue management and tolerant hybrids.",FarmGuide curated rule; grounded against Maharashtra agricultural advisory sources,https://icar.gov.in/sites/default/files/Circulars/ICAR-En-Kharif-Agro-Advisories-for-Farmers-2025.pdf,curated rule; NOT measured prevalence; expert verification recommended,2026-10-03
DR0276,Maize,Gray leaf spot,fungal,True,Maharashtra,Khandesh,region-level rule; exact district should use GPS/district mapping,Kharif,6-10,20,30,75,83,warm humid weather,high,high,"Risk relevance increases when the listed crop, season and disease-favorable weather overlap in Khandesh.",rectangular gray-brown lesions,"Crop rotation, residue management and tolerant hybrids.",FarmGuide curated rule; grounded against Maharashtra agricultural advisory sources,https://icar.gov.in/sites/default/files/Circulars/ICAR-En-Kharif-Agro-Advisories-for-Farmers-2025.pdf,curated rule; NOT measured prevalence; expert verification recommended,2026-10-03
DR0277,Maize,Gray leaf spot,fungal,True,Maharashtra,Marathwada Plateau,region-level rule; exact district should use GPS/district mapping,Kharif,6-10,20,30,75,83,warm humid weather,high,high,"Risk relevance increases when the listed crop, season and disease-favorable weather overlap in Marathwada Plateau.",rectangular gray-brown lesions,"Crop rotation, residue management and tolerant hybrids.",FarmGuide curated rule; grounded against Maharashtra agricultural advisory sources,https://icar.gov.in/sites/default/files/Circulars/ICAR-En-Kharif-Agro-Advisories-for-Farmers-2025.pdf,curated rule; NOT measured prevalence; expert verification recommended,2026-10-03
DR0278,Maize,Downy mildew,oomycete,False,Maharashtra,Western Maharashtra Plain,region-level rule; exact district should use GPS/district mapping,Kharif,6-10,20,30,75,88,humid/rainy weather,medium-high,high,"Risk relevance increases when the listed crop, season and disease-favorable weather overlap in Western Maharashtra Plain.",chlorotic stripes and downy growth,Use resistant hybrids and clean seed; follow local recommendations.,FarmGuide curated rule; grounded against Maharashtra agricultural advisory sources,https://icar.gov.in/sites/default/files/Circulars/ICAR-En-Kharif-Agro-Advisories-for-Farmers-2025.pdf,curated rule; NOT measured prevalence; expert verification recommended,2026-10-03
DR0279,Maize,Downy mildew,oomycete,False,Maharashtra,Vidarbha Plain,region-level rule; exact district should use GPS/district mapping,Kharif,6-10,20,30,75,91,humid/rainy weather,medium-high,high,"Risk relevance increases when the listed crop, season and disease-favorable weather overlap in Vidarbha Plain.",chlorotic stripes and downy growth,Use resistant hybrids and clean seed; follow local recommendations.,FarmGuide curated rule; grounded against Maharashtra agricultural advisory sources,https://icar.gov.in/sites/default/files/Circulars/ICAR-En-Kharif-Agro-Advisories-for-Farmers-2025.pdf,curated rule; NOT measured prevalence; expert verification recommended,2026-10-03
DR0280,Maize,Downy mildew,oomycete,False,Maharashtra,Khandesh,region-level rule; exact district should use GPS/district mapping,Kharif,6-10,20,30,75,83,humid/rainy weather,medium-high,high,"Risk relevance increases when the listed crop, season and disease-favorable weather overlap in Khandesh.",chlorotic stripes and downy growth,Use resistant hybrids and clean seed; follow local recommendations.,FarmGuide curated rule; grounded against Maharashtra agricultural advisory sources,https://icar.gov.in/sites/default/files/Circulars/ICAR-En-Kharif-Agro-Advisories-for-Farmers-2025.pdf,curated rule; NOT measured prevalence; expert verification recommended,2026-10-03
DR0281,Maize,Downy mildew,oomycete,False,Maharashtra,Marathwada Plateau,region-level rule; exact district should use GPS/district mapping,Kharif,6-10,20,30,75,83,humid/rainy weather,medium-high,high,"Risk relevance increases when the listed crop, season and disease-favorable weather overlap in Marathwada Plateau.",chlorotic stripes and downy growth,Use resistant hybrids and clean seed; follow local recommendations.,FarmGuide curated rule; grounded against Maharashtra agricultural advisory sources,https://icar.gov.in/sites/default/files/Circulars/ICAR-En-Kharif-Agro-Advisories-for-Farmers-2025.pdf,curated rule; NOT measured prevalence; expert verification recommended,2026-10-03
DR0282,Sugarcane,Red rot,fungal,False,Maharashtra,Western Maharashtra Plain,region-level rule; exact district should use GPS/district mapping,Perennial,6-10,24,32,70,88,warm humid conditions,high,high,"Risk relevance increases when the listed crop, season and disease-favorable weather overlap in Western Maharashtra Plain.",red internal stalk discoloration with white flecks,"Use healthy setts, resistant varieties, sanitation and drainage.",FarmGuide curated rule; grounded against Maharashtra agricultural advisory sources,https://icar.gov.in/sites/default/files/Circulars/ICAR-En-Kharif-Agro-Advisories-for-Farmers-2025.pdf,curated rule; NOT measured prevalence; expert verification recommended,2026-10-03
DR0283,Sugarcane,Red rot,fungal,False,Maharashtra,Marathwada Plateau,region-level rule; exact district should use GPS/district mapping,Perennial,6-10,24,32,70,83,warm humid conditions,high,high,"Risk relevance increases when the listed crop, season and disease-favorable weather overlap in Marathwada Plateau.",red internal stalk discoloration with white flecks,"Use healthy setts, resistant varieties, sanitation and drainage.",FarmGuide curated rule; grounded against Maharashtra agricultural advisory sources,https://icar.gov.in/sites/default/files/Circulars/ICAR-En-Kharif-Agro-Advisories-for-Farmers-2025.pdf,curated rule; NOT measured prevalence; expert verification recommended,2026-10-03
DR0284,Sugarcane,Red rot,fungal,False,Maharashtra,Vidarbha Plain,region-level rule; exact district should use GPS/district mapping,Perennial,6-10,24,32,70,91,warm humid conditions,high,high,"Risk relevance increases when the listed crop, season and disease-favorable weather overlap in Vidarbha Plain.",red internal stalk discoloration with white flecks,"Use healthy setts, resistant varieties, sanitation and drainage.",FarmGuide curated rule; grounded against Maharashtra agricultural advisory sources,https://icar.gov.in/sites/default/files/Circulars/ICAR-En-Kharif-Agro-Advisories-for-Farmers-2025.pdf,curated rule; NOT measured prevalence; expert verification recommended,2026-10-03
DR0285,Sugarcane,Red rot,fungal,False,Maharashtra,Konkan,region-level rule; exact district should use GPS/district mapping,Perennial,6-10,24,32,70,98,warm humid conditions,high,high,"Risk relevance increases when the listed crop, season and disease-favorable weather overlap in Konkan.",red internal stalk discoloration with white flecks,"Use healthy setts, resistant varieties, sanitation and drainage.",FarmGuide curated rule; grounded against Maharashtra agricultural advisory sources,https://icar.gov.in/sites/default/files/Circulars/ICAR-En-Kharif-Agro-Advisories-for-Farmers-2025.pdf,curated rule; NOT measured prevalence; expert verification recommended,2026-10-03
DR0286,Sugarcane,Smut,fungal,False,Maharashtra,Western Maharashtra Plain,region-level rule; exact district should use GPS/district mapping,Perennial,6-10,24,32,50,88,warm conditions,medium-high,high,"Risk relevance increases when the listed crop, season and disease-favorable weather overlap in Western Maharashtra Plain.",whip-like black sori emerging from shoots,Use healthy planting material and resistant varieties; rogue affected stools.,FarmGuide curated rule; grounded against Maharashtra agricultural advisory sources,https://icar.gov.in/sites/default/files/Circulars/ICAR-En-Kharif-Agro-Advisories-for-Farmers-2025.pdf,curated rule; NOT measured prevalence; expert verification recommended,2026-10-03
DR0287,Sugarcane,Smut,fungal,False,Maharashtra,Marathwada Plateau,region-level rule; exact district should use GPS/district mapping,Perennial,6-10,24,32,50,83,warm conditions,medium-high,high,"Risk relevance increases when the listed crop, season and disease-favorable weather overlap in Marathwada Plateau.",whip-like black sori emerging from shoots,Use healthy planting material and resistant varieties; rogue affected stools.,FarmGuide curated rule; grounded against Maharashtra agricultural advisory sources,https://icar.gov.in/sites/default/files/Circulars/ICAR-En-Kharif-Agro-Advisories-for-Farmers-2025.pdf,curated rule; NOT measured prevalence; expert verification recommended,2026-10-03
DR0288,Sugarcane,Smut,fungal,False,Maharashtra,Vidarbha Plain,region-level rule; exact district should use GPS/district mapping,Perennial,6-10,24,32,50,90,warm conditions,medium-high,high,"Risk relevance increases when the listed crop, season and disease-favorable weather overlap in Vidarbha Plain.",whip-like black sori emerging from shoots,Use healthy planting material and resistant varieties; rogue affected stools.,FarmGuide curated rule; grounded against Maharashtra agricultural advisory sources,https://icar.gov.in/sites/default/files/Circulars/ICAR-En-Kharif-Agro-Advisories-for-Farmers-2025.pdf,curated rule; NOT measured prevalence; expert verification recommended,2026-10-03
DR0289,Sugarcane,Smut,fungal,False,Maharashtra,Konkan,region-level rule; exact district should use GPS/district mapping,Perennial,6-10,24,32,65,90,warm conditions,medium-high,high,"Risk relevance increases when the listed crop, season and disease-favorable weather overlap in Konkan.",whip-like black sori emerging from shoots,Use healthy planting material and resistant varieties; rogue affected stools.,FarmGuide curated rule; grounded against Maharashtra agricultural advisory sources,https://icar.gov.in/sites/default/files/Circulars/ICAR-En-Kharif-Agro-Advisories-for-Farmers-2025.pdf,curated rule; NOT measured prevalence; expert verification recommended,2026-10-03
DR0290,Sugarcane,Wilt,fungal/complex,False,Maharashtra,Western Maharashtra Plain,region-level rule; exact district should use GPS/district mapping,Perennial,6-10,25,34,45,85,warm soil/moisture stress,medium,medium,"Risk relevance increases when the listed crop, season and disease-favorable weather overlap in Western Maharashtra Plain.","yellowing, wilting and stalk deterioration","Healthy setts, drainage, rotation where possible and local recommendations.",FarmGuide curated rule; grounded against Maharashtra agricultural advisory sources,https://icar.gov.in/sites/default/files/Circulars/ICAR-En-Kharif-Agro-Advisories-for-Farmers-2025.pdf,curated rule; NOT measured prevalence; expert verification recommended,2026-10-03
DR0291,Sugarcane,Wilt,fungal/complex,False,Maharashtra,Marathwada Plateau,region-level rule; exact district should use GPS/district mapping,Perennial,6-10,25,35,45,83,warm soil/moisture stress,medium,medium,"Risk relevance increases when the listed crop, season and disease-favorable weather overlap in Marathwada Plateau.","yellowing, wilting and stalk deterioration","Healthy setts, drainage, rotation where possible and local recommendations.",FarmGuide curated rule; grounded against Maharashtra agricultural advisory sources,https://icar.gov.in/sites/default/files/Circulars/ICAR-En-Kharif-Agro-Advisories-for-Farmers-2025.pdf,curated rule; NOT measured prevalence; expert verification recommended,2026-10-03
DR0292,Sugarcane,Wilt,fungal/complex,False,Maharashtra,Vidarbha Plain,region-level rule; exact district should use GPS/district mapping,Perennial,6-10,25,35,50,85,warm soil/moisture stress,medium,medium,"Risk relevance increases when the listed crop, season and disease-favorable weather overlap in Vidarbha Plain.","yellowing, wilting and stalk deterioration","Healthy setts, drainage, rotation where possible and local recommendations.",FarmGuide curated rule; grounded against Maharashtra agricultural advisory sources,https://icar.gov.in/sites/default/files/Circulars/ICAR-En-Kharif-Agro-Advisories-for-Farmers-2025.pdf,curated rule; NOT measured prevalence; expert verification recommended,2026-10-03
DR0293,Sugarcane,Wilt,fungal/complex,False,Maharashtra,Konkan,region-level rule; exact district should use GPS/district mapping,Perennial,6-10,25,34,65,85,warm soil/moisture stress,medium,medium,"Risk relevance increases when the listed crop, season and disease-favorable weather overlap in Konkan.","yellowing, wilting and stalk deterioration","Healthy setts, drainage, rotation where possible and local recommendations.",FarmGuide curated rule; grounded against Maharashtra agricultural advisory sources,https://icar.gov.in/sites/default/files/Circulars/ICAR-En-Kharif-Agro-Advisories-for-Farmers-2025.pdf,curated rule; NOT measured prevalence; expert verification recommended,2026-10-03
DR0294,Turmeric,Rhizome rot,oomycete,False,Maharashtra,Western Maharashtra Plain,region-level rule; exact district should use GPS/district mapping,Kharif,6-10,20,30,75,88,heavy rain/waterlogging,high,high,"Risk relevance increases when the listed crop, season and disease-favorable weather overlap in Western Maharashtra Plain.",soft rotting rhizomes and yellowing leaves,"Use healthy seed rhizomes, raised beds/drainage and sanitation.",FarmGuide curated rule; grounded against Maharashtra agricultural advisory sources,https://icar.gov.in/sites/default/files/Circulars/ICAR-En-Kharif-Agro-Advisories-for-Farmers-2025.pdf,curated rule; NOT measured prevalence; expert verification recommended,2026-10-03
DR0295,Turmeric,Rhizome rot,oomycete,False,Maharashtra,Marathwada Plateau,region-level rule; exact district should use GPS/district mapping,Kharif,6-10,20,30,75,83,heavy rain/waterlogging,high,high,"Risk relevance increases when the listed crop, season and disease-favorable weather overlap in Marathwada Plateau.",soft rotting rhizomes and yellowing leaves,"Use healthy seed rhizomes, raised beds/drainage and sanitation.",FarmGuide curated rule; grounded against Maharashtra agricultural advisory sources,https://icar.gov.in/sites/default/files/Circulars/ICAR-En-Kharif-Agro-Advisories-for-Farmers-2025.pdf,curated rule; NOT measured prevalence; expert verification recommended,2026-10-03
DR0296,Turmeric,Rhizome rot,oomycete,False,Maharashtra,Konkan,region-level rule; exact district should use GPS/district mapping,Kharif,6-10,21,30,75,98,heavy rain/waterlogging,high,high,"Risk relevance increases when the listed crop, season and disease-favorable weather overlap in Konkan.",soft rotting rhizomes and yellowing leaves,"Use healthy seed rhizomes, raised beds/drainage and sanitation.",FarmGuide curated rule; grounded against Maharashtra agricultural advisory sources,https://icar.gov.in/sites/default/files/Circulars/ICAR-En-Kharif-Agro-Advisories-for-Farmers-2025.pdf,curated rule; NOT measured prevalence; expert verification recommended,2026-10-03
DR0297,Turmeric,Leaf blotch,fungal,False,Maharashtra,Western Maharashtra Plain,region-level rule; exact district should use GPS/district mapping,Kharif,6-10,20,30,70,88,humid/rainy weather,medium-high,high,"Risk relevance increases when the listed crop, season and disease-favorable weather overlap in Western Maharashtra Plain.",brown blotches on leaves,Reduce leaf wetness and follow local disease management.,FarmGuide curated rule; grounded against Maharashtra agricultural advisory sources,https://icar.gov.in/sites/default/files/Circulars/ICAR-En-Kharif-Agro-Advisories-for-Farmers-2025.pdf,curated rule; NOT measured prevalence; expert verification recommended,2026-10-03
DR0298,Turmeric,Leaf blotch,fungal,False,Maharashtra,Marathwada Plateau,region-level rule; exact district should use GPS/district mapping,Kharif,6-10,20,30,70,83,humid/rainy weather,medium-high,high,"Risk relevance increases when the listed crop, season and disease-favorable weather overlap in Marathwada Plateau.",brown blotches on leaves,Reduce leaf wetness and follow local disease management.,FarmGuide curated rule; grounded against Maharashtra agricultural advisory sources,https://icar.gov.in/sites/default/files/Circulars/ICAR-En-Kharif-Agro-Advisories-for-Farmers-2025.pdf,curated rule; NOT measured prevalence; expert verification recommended,2026-10-03
DR0299,Turmeric,Leaf blotch,fungal,False,Maharashtra,Konkan,region-level rule; exact district should use GPS/district mapping,Kharif,6-10,21,30,70,98,humid/rainy weather,medium-high,high,"Risk relevance increases when the listed crop, season and disease-favorable weather overlap in Konkan.",brown blotches on leaves,Reduce leaf wetness and follow local disease management.,FarmGuide curated rule; grounded against Maharashtra agricultural advisory sources,https://icar.gov.in/sites/default/files/Circulars/ICAR-En-Kharif-Agro-Advisories-for-Farmers-2025.pdf,curated rule; NOT measured prevalence; expert verification recommended,2026-10-03
DR0300,Ginger,Soft rot,oomycete,False,Maharashtra,Konkan,region-level rule; exact district should use GPS/district mapping,Kharif,6-10,21,30,75,98,waterlogging/rain,high,high,"Risk relevance increases when the listed crop, season and disease-favorable weather overlap in Konkan.",soft rhizome decay and yellowing,"Raised beds, drainage, healthy seed and sanitation.",FarmGuide curated rule; grounded against Maharashtra agricultural advisory sources,https://icar.gov.in/sites/default/files/Circulars/ICAR-En-Kharif-Agro-Advisories-for-Farmers-2025.pdf,curated rule; NOT measured prevalence; expert verification recommended,2026-10-03
DR0301,Ginger,Soft rot,oomycete,False,Maharashtra,Western Maharashtra Plain,region-level rule; exact district should use GPS/district mapping,Kharif,6-10,20,30,75,88,waterlogging/rain,high,high,"Risk relevance increases when the listed crop, season and disease-favorable weather overlap in Western Maharashtra Plain.",soft rhizome decay and yellowing,"Raised beds, drainage, healthy seed and sanitation.",FarmGuide curated rule; grounded against Maharashtra agricultural advisory sources,https://icar.gov.in/sites/default/files/Circulars/ICAR-En-Kharif-Agro-Advisories-for-Farmers-2025.pdf,curated rule; NOT measured prevalence; expert verification recommended,2026-10-03
DR0302,Ginger,Leaf spot,fungal,False,Maharashtra,Konkan,region-level rule; exact district should use GPS/district mapping,Kharif,6-10,21,30,70,98,humid weather,medium,high,"Risk relevance increases when the listed crop, season and disease-favorable weather overlap in Konkan.",brown leaf spots and blighting,"Improve airflow, sanitation and local recommendations.",FarmGuide curated rule; grounded against Maharashtra agricultural advisory sources,https://icar.gov.in/sites/default/files/Circulars/ICAR-En-Kharif-Agro-Advisories-for-Farmers-2025.pdf,curated rule; NOT measured prevalence; expert verification recommended,2026-10-03
DR0303,Ginger,Leaf spot,fungal,False,Maharashtra,Western Maharashtra Plain,region-level rule; exact district should use GPS/district mapping,Kharif,6-10,20,30,70,88,humid weather,medium,medium,"Risk relevance increases when the listed crop, season and disease-favorable weather overlap in Western Maharashtra Plain.",brown leaf spots and blighting,"Improve airflow, sanitation and local recommendations.",FarmGuide curated rule; grounded against Maharashtra agricultural advisory sources,https://icar.gov.in/sites/default/files/Circulars/ICAR-En-Kharif-Agro-Advisories-for-Farmers-2025.pdf,curated rule; NOT measured prevalence; expert verification recommended,2026-10-03
DR0304,Grape,Esca (Black Measles),fungal complex,True,Maharashtra,Khandesh,region-level rule; exact district should use GPS/district mapping,Kharif/Rabi/Summer,6-10,20,32,45,83,variable; vine stress can contribute,medium,medium,"Risk relevance increases when the listed crop, season and disease-favorable weather overlap in Khandesh.",leaf tiger-striping and berry spotting/decay,"Use clean planting material, prune/remove affected wood where advised and follow local grape advisories.",FarmGuide curated rule; grounded against Maharashtra agricultural advisory sources,https://icar.gov.in/sites/default/files/Circulars/ICAR-En-Kharif-Agro-Advisories-for-Farmers-2025.pdf,curated rule; NOT measured prevalence; expert verification recommended,2026-10-03
DR0305,Grape,Esca (Black Measles),fungal complex,True,Maharashtra,Western Maharashtra Plain,region-level rule; exact district should use GPS/district mapping,Kharif/Rabi/Summer,6-10,18,32,45,88,variable; vine stress can contribute,medium,medium,"Risk relevance increases when the listed crop, season and disease-favorable weather overlap in Western Maharashtra Plain.",leaf tiger-striping and berry spotting/decay,"Use clean planting material, prune/remove affected wood where advised and follow local grape advisories.",FarmGuide curated rule; grounded against Maharashtra agricultural advisory sources,https://icar.gov.in/sites/default/files/Circulars/ICAR-En-Kharif-Agro-Advisories-for-Farmers-2025.pdf,curated rule; NOT measured prevalence; expert verification recommended,2026-10-03
DR0306,Grape,Esca (Black Measles),fungal complex,True,Maharashtra,Marathwada Plateau,region-level rule; exact district should use GPS/district mapping,Kharif/Rabi/Summer,6-10,18,32,45,83,variable; vine stress can contribute,medium,medium,"Risk relevance increases when the listed crop, season and disease-favorable weather overlap in Marathwada Plateau.",leaf tiger-striping and berry spotting/decay,"Use clean planting material, prune/remove affected wood where advised and follow local grape advisories.",FarmGuide curated rule; grounded against Maharashtra agricultural advisory sources,https://icar.gov.in/sites/default/files/Circulars/ICAR-En-Kharif-Agro-Advisories-for-Farmers-2025.pdf,curated rule; NOT measured prevalence; expert verification recommended,2026-10-03
DR0307,Grape,Esca (Black Measles),fungal complex,True,Maharashtra,Vidarbha Plain,region-level rule; exact district should use GPS/district mapping,Kharif/Rabi/Summer,6-10,19,32,50,90,variable; vine stress can contribute,medium,medium,"Risk relevance increases when the listed crop, season and disease-favorable weather overlap in Vidarbha Plain.",leaf tiger-striping and berry spotting/decay,"Use clean planting material, prune/remove affected wood where advised and follow local grape advisories.",FarmGuide curated rule; grounded against Maharashtra agricultural advisory sources,https://icar.gov.in/sites/default/files/Circulars/ICAR-En-Kharif-Agro-Advisories-for-Farmers-2025.pdf,curated rule; NOT measured prevalence; expert verification recommended,2026-10-03
DR0308,Grape,Esca (Black Measles),fungal complex,True,Maharashtra,Eastern Vidarbha,region-level rule; exact district should use GPS/district mapping,Kharif/Rabi/Summer,6-10,19,32,60,90,variable; vine stress can contribute,medium,medium,"Risk relevance increases when the listed crop, season and disease-favorable weather overlap in Eastern Vidarbha.",leaf tiger-striping and berry spotting/decay,"Use clean planting material, prune/remove affected wood where advised and follow local grape advisories.",FarmGuide curated rule; grounded against Maharashtra agricultural advisory sources,https://icar.gov.in/sites/default/files/Circulars/ICAR-En-Kharif-Agro-Advisories-for-Farmers-2025.pdf,curated rule; NOT measured prevalence; expert verification recommended,2026-10-03
DR0309,Grape,Esca (Black Measles),fungal complex,True,Maharashtra,Konkan,region-level rule; exact district should use GPS/district mapping,Kharif/Rabi/Summer,6-10,21,32,65,90,variable; vine stress can contribute,medium,high,"Risk relevance increases when the listed crop, season and disease-favorable weather overlap in Konkan.",leaf tiger-striping and berry spotting/decay,"Use clean planting material, prune/remove affected wood where advised and follow local grape advisories.",FarmGuide curated rule; grounded against Maharashtra agricultural advisory sources,https://icar.gov.in/sites/default/files/Circulars/ICAR-En-Kharif-Agro-Advisories-for-Farmers-2025.pdf,curated rule; NOT measured prevalence; expert verification recommended,2026-10-03
DR0310,Corn,Common rust,fungal,True,Maharashtra,Khandesh,region-level rule; exact district should use GPS/district mapping,Kharif/Rabi/Summer,6-10,20,28,75,83,humid weather,high,high,"Risk relevance increases when the listed crop, season and disease-favorable weather overlap in Khandesh.",rust-colored pustules,Use tolerant hybrids and monitor humid periods.,FarmGuide curated rule; grounded against Maharashtra agricultural advisory sources,https://icar.gov.in/sites/default/files/Circulars/ICAR-En-Kharif-Agro-Advisories-for-Farmers-2025.pdf,curated rule; NOT measured prevalence; expert verification recommended,2026-10-03
DR0311,Corn,Common rust,fungal,True,Maharashtra,Western Maharashtra Plain,region-level rule; exact district should use GPS/district mapping,Kharif/Rabi/Summer,6-10,16,28,75,88,humid weather,high,high,"Risk relevance increases when the listed crop, season and disease-favorable weather overlap in Western Maharashtra Plain.",rust-colored pustules,Use tolerant hybrids and monitor humid periods.,FarmGuide curated rule; grounded against Maharashtra agricultural advisory sources,https://icar.gov.in/sites/default/files/Circulars/ICAR-En-Kharif-Agro-Advisories-for-Farmers-2025.pdf,curated rule; NOT measured prevalence; expert verification recommended,2026-10-03
DR0312,Corn,Common rust,fungal,True,Maharashtra,Marathwada Plateau,region-level rule; exact district should use GPS/district mapping,Kharif/Rabi/Summer,6-10,18,28,75,83,humid weather,high,high,"Risk relevance increases when the listed crop, season and disease-favorable weather overlap in Marathwada Plateau.",rust-colored pustules,Use tolerant hybrids and monitor humid periods.,FarmGuide curated rule; grounded against Maharashtra agricultural advisory sources,https://icar.gov.in/sites/default/files/Circulars/ICAR-En-Kharif-Agro-Advisories-for-Farmers-2025.pdf,curated rule; NOT measured prevalence; expert verification recommended,2026-10-03
DR0313,Corn,Common rust,fungal,True,Maharashtra,Vidarbha Plain,region-level rule; exact district should use GPS/district mapping,Kharif/Rabi/Summer,6-10,19,28,75,91,humid weather,high,high,"Risk relevance increases when the listed crop, season and disease-favorable weather overlap in Vidarbha Plain.",rust-colored pustules,Use tolerant hybrids and monitor humid periods.,FarmGuide curated rule; grounded against Maharashtra agricultural advisory sources,https://icar.gov.in/sites/default/files/Circulars/ICAR-En-Kharif-Agro-Advisories-for-Farmers-2025.pdf,curated rule; NOT measured prevalence; expert verification recommended,2026-10-03
DR0314,Corn,Common rust,fungal,True,Maharashtra,Eastern Vidarbha,region-level rule; exact district should use GPS/district mapping,Kharif/Rabi/Summer,6-10,19,28,75,95,humid weather,high,high,"Risk relevance increases when the listed crop, season and disease-favorable weather overlap in Eastern Vidarbha.",rust-colored pustules,Use tolerant hybrids and monitor humid periods.,FarmGuide curated rule; grounded against Maharashtra agricultural advisory sources,https://icar.gov.in/sites/default/files/Circulars/ICAR-En-Kharif-Agro-Advisories-for-Farmers-2025.pdf,curated rule; NOT measured prevalence; expert verification recommended,2026-10-03
DR0315,Corn,Common rust,fungal,True,Maharashtra,Konkan,region-level rule; exact district should use GPS/district mapping,Kharif/Rabi/Summer,6-10,21,28,75,98,humid weather,high,high,"Risk relevance increases when the listed crop, season and disease-favorable weather overlap in Konkan.",rust-colored pustules,Use tolerant hybrids and monitor humid periods.,FarmGuide curated rule; grounded against Maharashtra agricultural advisory sources,https://icar.gov.in/sites/default/files/Circulars/ICAR-En-Kharif-Agro-Advisories-for-Farmers-2025.pdf,curated rule; NOT measured prevalence; expert verification recommended,2026-10-03
DR0316,Corn,Northern corn leaf blight,fungal,True,Maharashtra,Khandesh,region-level rule; exact district should use GPS/district mapping,Kharif/Rabi/Summer,6-10,20,28,75,83,cool humid weather,high,high,"Risk relevance increases when the listed crop, season and disease-favorable weather overlap in Khandesh.",cigar-shaped lesions,"Use tolerant hybrids, rotation and residue management.",FarmGuide curated rule; grounded against Maharashtra agricultural advisory sources,https://icar.gov.in/sites/default/files/Circulars/ICAR-En-Kharif-Agro-Advisories-for-Farmers-2025.pdf,curated rule; NOT measured prevalence; expert verification recommended,2026-10-03
DR0317,Corn,Northern corn leaf blight,fungal,True,Maharashtra,Western Maharashtra Plain,region-level rule; exact district should use GPS/district mapping,Kharif/Rabi/Summer,6-10,18,28,75,88,cool humid weather,high,high,"Risk relevance increases when the listed crop, season and disease-favorable weather overlap in Western Maharashtra Plain.",cigar-shaped lesions,"Use tolerant hybrids, rotation and residue management.",FarmGuide curated rule; grounded against Maharashtra agricultural advisory sources,https://icar.gov.in/sites/default/files/Circulars/ICAR-En-Kharif-Agro-Advisories-for-Farmers-2025.pdf,curated rule; NOT measured prevalence; expert verification recommended,2026-10-03
DR0318,Corn,Northern corn leaf blight,fungal,True,Maharashtra,Marathwada Plateau,region-level rule; exact district should use GPS/district mapping,Kharif/Rabi/Summer,6-10,18,28,75,83,cool humid weather,high,high,"Risk relevance increases when the listed crop, season and disease-favorable weather overlap in Marathwada Plateau.",cigar-shaped lesions,"Use tolerant hybrids, rotation and residue management.",FarmGuide curated rule; grounded against Maharashtra agricultural advisory sources,https://icar.gov.in/sites/default/files/Circulars/ICAR-En-Kharif-Agro-Advisories-for-Farmers-2025.pdf,curated rule; NOT measured prevalence; expert verification recommended,2026-10-03
DR0319,Corn,Northern corn leaf blight,fungal,True,Maharashtra,Vidarbha Plain,region-level rule; exact district should use GPS/district mapping,Kharif/Rabi/Summer,6-10,19,28,75,91,cool humid weather,high,high,"Risk relevance increases when the listed crop, season and disease-favorable weather overlap in Vidarbha Plain.",cigar-shaped lesions,"Use tolerant hybrids, rotation and residue management.",FarmGuide curated rule; grounded against Maharashtra agricultural advisory sources,https://icar.gov.in/sites/default/files/Circulars/ICAR-En-Kharif-Agro-Advisories-for-Farmers-2025.pdf,curated rule; NOT measured prevalence; expert verification recommended,2026-10-03
DR0320,Corn,Northern corn leaf blight,fungal,True,Maharashtra,Eastern Vidarbha,region-level rule; exact district should use GPS/district mapping,Kharif/Rabi/Summer,6-10,19,28,75,95,cool humid weather,high,high,"Risk relevance increases when the listed crop, season and disease-favorable weather overlap in Eastern Vidarbha.",cigar-shaped lesions,"Use tolerant hybrids, rotation and residue management.",FarmGuide curated rule; grounded against Maharashtra agricultural advisory sources,https://icar.gov.in/sites/default/files/Circulars/ICAR-En-Kharif-Agro-Advisories-for-Farmers-2025.pdf,curated rule; NOT measured prevalence; expert verification recommended,2026-10-03
DR0321,Corn,Northern corn leaf blight,fungal,True,Maharashtra,Konkan,region-level rule; exact district should use GPS/district mapping,Kharif/Rabi/Summer,6-10,21,28,75,98,cool humid weather,high,high,"Risk relevance increases when the listed crop, season and disease-favorable weather overlap in Konkan.",cigar-shaped lesions,"Use tolerant hybrids, rotation and residue management.",FarmGuide curated rule; grounded against Maharashtra agricultural advisory sources,https://icar.gov.in/sites/default/files/Circulars/ICAR-En-Kharif-Agro-Advisories-for-Farmers-2025.pdf,curated rule; NOT measured prevalence; expert verification recommended,2026-10-03
DR0322,Corn,Gray leaf spot,fungal,True,Maharashtra,Khandesh,region-level rule; exact district should use GPS/district mapping,Kharif/Rabi/Summer,6-10,20,30,75,83,warm humid weather,high,high,"Risk relevance increases when the listed crop, season and disease-favorable weather overlap in Khandesh.",rectangular gray-brown lesions,"Crop rotation, residue management and tolerant hybrids.",FarmGuide curated rule; grounded against Maharashtra agricultural advisory sources,https://icar.gov.in/sites/default/files/Circulars/ICAR-En-Kharif-Agro-Advisories-for-Farmers-2025.pdf,curated rule; NOT measured prevalence; expert verification recommended,2026-10-03
DR0323,Corn,Gray leaf spot,fungal,True,Maharashtra,Western Maharashtra Plain,region-level rule; exact district should use GPS/district mapping,Kharif/Rabi/Summer,6-10,20,30,75,88,warm humid weather,high,high,"Risk relevance increases when the listed crop, season and disease-favorable weather overlap in Western Maharashtra Plain.",rectangular gray-brown lesions,"Crop rotation, residue management and tolerant hybrids.",FarmGuide curated rule; grounded against Maharashtra agricultural advisory sources,https://icar.gov.in/sites/default/files/Circulars/ICAR-En-Kharif-Agro-Advisories-for-Farmers-2025.pdf,curated rule; NOT measured prevalence; expert verification recommended,2026-10-03
DR0324,Corn,Gray leaf spot,fungal,True,Maharashtra,Marathwada Plateau,region-level rule; exact district should use GPS/district mapping,Kharif/Rabi/Summer,6-10,20,30,75,83,warm humid weather,high,high,"Risk relevance increases when the listed crop, season and disease-favorable weather overlap in Marathwada Plateau.",rectangular gray-brown lesions,"Crop rotation, residue management and tolerant hybrids.",FarmGuide curated rule; grounded against Maharashtra agricultural advisory sources,https://icar.gov.in/sites/default/files/Circulars/ICAR-En-Kharif-Agro-Advisories-for-Farmers-2025.pdf,curated rule; NOT measured prevalence; expert verification recommended,2026-10-03
DR0325,Corn,Gray leaf spot,fungal,True,Maharashtra,Vidarbha Plain,region-level rule; exact district should use GPS/district mapping,Kharif/Rabi/Summer,6-10,20,30,75,91,warm humid weather,high,high,"Risk relevance increases when the listed crop, season and disease-favorable weather overlap in Vidarbha Plain.",rectangular gray-brown lesions,"Crop rotation, residue management and tolerant hybrids.",FarmGuide curated rule; grounded against Maharashtra agricultural advisory sources,https://icar.gov.in/sites/default/files/Circulars/ICAR-En-Kharif-Agro-Advisories-for-Farmers-2025.pdf,curated rule; NOT measured prevalence; expert verification recommended,2026-10-03
DR0326,Corn,Gray leaf spot,fungal,True,Maharashtra,Eastern Vidarbha,region-level rule; exact district should use GPS/district mapping,Kharif/Rabi/Summer,6-10,20,30,75,95,warm humid weather,high,high,"Risk relevance increases when the listed crop, season and disease-favorable weather overlap in Eastern Vidarbha.",rectangular gray-brown lesions,"Crop rotation, residue management and tolerant hybrids.",FarmGuide curated rule; grounded against Maharashtra agricultural advisory sources,https://icar.gov.in/sites/default/files/Circulars/ICAR-En-Kharif-Agro-Advisories-for-Farmers-2025.pdf,curated rule; NOT measured prevalence; expert verification recommended,2026-10-03
DR0327,Corn,Gray leaf spot,fungal,True,Maharashtra,Konkan,region-level rule; exact district should use GPS/district mapping,Kharif/Rabi/Summer,6-10,21,30,75,98,warm humid weather,high,high,"Risk relevance increases when the listed crop, season and disease-favorable weather overlap in Konkan.",rectangular gray-brown lesions,"Crop rotation, residue management and tolerant hybrids.",FarmGuide curated rule; grounded against Maharashtra agricultural advisory sources,https://icar.gov.in/sites/default/files/Circulars/ICAR-En-Kharif-Agro-Advisories-for-Farmers-2025.pdf,curated rule; NOT measured prevalence; expert verification recommended,2026-10-03
DX0001,Tomato,Bacterial spot,bacterial,True,Maharashtra,Khandesh,Nashik,Kharif/Rabi/Summer,6-10,20,30,75,83,frequent rain/splash,high,high,"Risk relevance increases when the listed crop, season and disease-favorable weather overlap in Khandesh.",small dark water-soaked leaf spots; fruit lesions,"Use clean seed/transplants, reduce leaf wetness and splashing, remove badly affected material, and follow locally approved bactericide labels.",FarmGuide curated district applicability rule,https://icar.gov.in/sites/default/files/Circulars/ICAR-En-Kharif-Agro-Advisories-for-Farmers-2025.pdf,curated district rule; NOT measured prevalence; expert verification recommended,2026-10-03
DX0002,Tomato,Bacterial spot,bacterial,True,Maharashtra,Western Maharashtra Plain,Pune,Kharif/Rabi/Summer,6-10,20,30,75,88,frequent rain/splash,high,high,"Risk relevance increases when the listed crop, season and disease-favorable weather overlap in Western Maharashtra Plain.",small dark water-soaked leaf spots; fruit lesions,"Use clean seed/transplants, reduce leaf wetness and splashing, remove badly affected material, and follow locally approved bactericide labels.",FarmGuide curated district applicability rule,https://icar.gov.in/sites/default/files/Circulars/ICAR-En-Kharif-Agro-Advisories-for-Farmers-2025.pdf,curated district rule; NOT measured prevalence; expert verification recommended,2026-10-03
DX0003,Tomato,Bacterial spot,bacterial,True,Maharashtra,Western Maharashtra Plain,Ahmednagar,Kharif/Rabi/Summer,6-10,20,30,75,88,frequent rain/splash,high,high,"Risk relevance increases when the listed crop, season and disease-favorable weather overlap in Western Maharashtra Plain.",small dark water-soaked leaf spots; fruit lesions,"Use clean seed/transplants, reduce leaf wetness and splashing, remove badly affected material, and follow locally approved bactericide labels.",FarmGuide curated district applicability rule,https://icar.gov.in/sites/default/files/Circulars/ICAR-En-Kharif-Agro-Advisories-for-Farmers-2025.pdf,curated district rule; NOT measured prevalence; expert verification recommended,2026-10-03
DX0004,Tomato,Bacterial spot,bacterial,True,Maharashtra,Western Maharashtra Plain,Solapur,Kharif/Rabi/Summer,6-10,20,30,75,88,frequent rain/splash,high,high,"Risk relevance increases when the listed crop, season and disease-favorable weather overlap in Western Maharashtra Plain.",small dark water-soaked leaf spots; fruit lesions,"Use clean seed/transplants, reduce leaf wetness and splashing, remove badly affected material, and follow locally approved bactericide labels.",FarmGuide curated district applicability rule,https://icar.gov.in/sites/default/files/Circulars/ICAR-En-Kharif-Agro-Advisories-for-Farmers-2025.pdf,curated district rule; NOT measured prevalence; expert verification recommended,2026-10-03
DX0005,Tomato,Bacterial spot,bacterial,True,Maharashtra,Marathwada Plateau,Aurangabad,Kharif/Rabi/Summer,6-10,20,30,75,83,frequent rain/splash,high,high,"Risk relevance increases when the listed crop, season and disease-favorable weather overlap in Marathwada Plateau.",small dark water-soaked leaf spots; fruit lesions,"Use clean seed/transplants, reduce leaf wetness and splashing, remove badly affected material, and follow locally approved bactericide labels.",FarmGuide curated district applicability rule,https://icar.gov.in/sites/default/files/Circulars/ICAR-En-Kharif-Agro-Advisories-for-Farmers-2025.pdf,curated district rule; NOT measured prevalence; expert verification recommended,2026-10-03
DX0006,Tomato,Bacterial spot,bacterial,True,Maharashtra,Vidarbha Plain,Nagpur,Kharif/Rabi/Summer,6-10,20,30,75,91,frequent rain/splash,high,high,"Risk relevance increases when the listed crop, season and disease-favorable weather overlap in Vidarbha Plain.",small dark water-soaked leaf spots; fruit lesions,"Use clean seed/transplants, reduce leaf wetness and splashing, remove badly affected material, and follow locally approved bactericide labels.",FarmGuide curated district applicability rule,https://icar.gov.in/sites/default/files/Circulars/ICAR-En-Kharif-Agro-Advisories-for-Farmers-2025.pdf,curated district rule; NOT measured prevalence; expert verification recommended,2026-10-03
DX0007,Tomato,Early blight,fungal,True,Maharashtra,Khandesh,Nashik,Kharif/Rabi/Summer,6-10,20,30,70,83,rain/dew periods,high,high,"Risk relevance increases when the listed crop, season and disease-favorable weather overlap in Khandesh.",brown concentric leaf lesions; lower leaves affected first,"Crop rotation, residue management, good spacing and canopy ventilation; use locally recommended fungicide only when advised.",FarmGuide curated district applicability rule,https://icar.gov.in/sites/default/files/Circulars/ICAR-En-Kharif-Agro-Advisories-for-Farmers-2025.pdf,curated district rule; NOT measured prevalence; expert verification recommended,2026-10-03
DX0008,Tomato,Early blight,fungal,True,Maharashtra,Western Maharashtra Plain,Pune,Kharif/Rabi/Summer,6-10,20,30,70,88,rain/dew periods,high,high,"Risk relevance increases when the listed crop, season and disease-favorable weather overlap in Western Maharashtra Plain.",brown concentric leaf lesions; lower leaves affected first,"Crop rotation, residue management, good spacing and canopy ventilation; use locally recommended fungicide only when advised.",FarmGuide curated district applicability rule,https://icar.gov.in/sites/default/files/Circulars/ICAR-En-Kharif-Agro-Advisories-for-Farmers-2025.pdf,curated district rule; NOT measured prevalence; expert verification recommended,2026-10-03
DX0009,Tomato,Early blight,fungal,True,Maharashtra,Western Maharashtra Plain,Ahmednagar,Kharif/Rabi/Summer,6-10,20,30,70,88,rain/dew periods,high,high,"Risk relevance increases when the listed crop, season and disease-favorable weather overlap in Western Maharashtra Plain.",brown concentric leaf lesions; lower leaves affected first,"Crop rotation, residue management, good spacing and canopy ventilation; use locally recommended fungicide only when advised.",FarmGuide curated district applicability rule,https://icar.gov.in/sites/default/files/Circulars/ICAR-En-Kharif-Agro-Advisories-for-Farmers-2025.pdf,curated district rule; NOT measured prevalence; expert verification recommended,2026-10-03
DX0010,Tomato,Early blight,fungal,True,Maharashtra,Western Maharashtra Plain,Solapur,Kharif/Rabi/Summer,6-10,20,30,70,88,rain/dew periods,high,high,"Risk relevance increases when the listed crop, season and disease-favorable weather overlap in Western Maharashtra Plain.",brown concentric leaf lesions; lower leaves affected first,"Crop rotation, residue management, good spacing and canopy ventilation; use locally recommended fungicide only when advised.",FarmGuide curated district applicability rule,https://icar.gov.in/sites/default/files/Circulars/ICAR-En-Kharif-Agro-Advisories-for-Farmers-2025.pdf,curated district rule; NOT measured prevalence; expert verification recommended,2026-10-03
DX0011,Tomato,Early blight,fungal,True,Maharashtra,Marathwada Plateau,Aurangabad,Kharif/Rabi/Summer,6-10,20,30,70,83,rain/dew periods,high,high,"Risk relevance increases when the listed crop, season and disease-favorable weather overlap in Marathwada Plateau.",brown concentric leaf lesions; lower leaves affected first,"Crop rotation, residue management, good spacing and canopy ventilation; use locally recommended fungicide only when advised.",FarmGuide curated district applicability rule,https://icar.gov.in/sites/default/files/Circulars/ICAR-En-Kharif-Agro-Advisories-for-Farmers-2025.pdf,curated district rule; NOT measured prevalence; expert verification recommended,2026-10-03
DX0012,Tomato,Early blight,fungal,True,Maharashtra,Vidarbha Plain,Nagpur,Kharif/Rabi/Summer,6-10,20,30,70,91,rain/dew periods,high,high,"Risk relevance increases when the listed crop, season and disease-favorable weather overlap in Vidarbha Plain.",brown concentric leaf lesions; lower leaves affected first,"Crop rotation, residue management, good spacing and canopy ventilation; use locally recommended fungicide only when advised.",FarmGuide curated district applicability rule,https://icar.gov.in/sites/default/files/Circulars/ICAR-En-Kharif-Agro-Advisories-for-Farmers-2025.pdf,curated district rule; NOT measured prevalence; expert verification recommended,2026-10-03
DX0013,Tomato,Late blight,oomycete,True,Maharashtra,Khandesh,Nashik,Kharif/Rabi/Summer,6-10,20,25,85,83,cool wet weather,very high,high,"Risk relevance increases when the listed crop, season and disease-favorable weather overlap in Khandesh.",dark water-soaked lesions; rapid foliage collapse under favorable weather,"Avoid prolonged leaf wetness, improve ventilation, remove infected material and follow local disease-warning recommendations.",FarmGuide curated district applicability rule,https://icar.gov.in/sites/default/files/Circulars/ICAR-En-Kharif-Agro-Advisories-for-Farmers-2025.pdf,curated district rule; NOT measured prevalence; expert verification recommended,2026-10-03
DX0014,Tomato,Late blight,oomycete,True,Maharashtra,Western Maharashtra Plain,Pune,Kharif/Rabi/Summer,6-10,16,25,85,88,cool wet weather,very high,high,"Risk relevance increases when the listed crop, season and disease-favorable weather overlap in Western Maharashtra Plain.",dark water-soaked lesions; rapid foliage collapse under favorable weather,"Avoid prolonged leaf wetness, improve ventilation, remove infected material and follow local disease-warning recommendations.",FarmGuide curated district applicability rule,https://icar.gov.in/sites/default/files/Circulars/ICAR-En-Kharif-Agro-Advisories-for-Farmers-2025.pdf,curated district rule; NOT measured prevalence; expert verification recommended,2026-10-03
DX0015,Tomato,Late blight,oomycete,True,Maharashtra,Western Maharashtra Plain,Ahmednagar,Kharif/Rabi/Summer,6-10,16,25,85,88,cool wet weather,very high,high,"Risk relevance increases when the listed crop, season and disease-favorable weather overlap in Western Maharashtra Plain.",dark water-soaked lesions; rapid foliage collapse under favorable weather,"Avoid prolonged leaf wetness, improve ventilation, remove infected material and follow local disease-warning recommendations.",FarmGuide curated district applicability rule,https://icar.gov.in/sites/default/files/Circulars/ICAR-En-Kharif-Agro-Advisories-for-Farmers-2025.pdf,curated district rule; NOT measured prevalence; expert verification recommended,2026-10-03
DX0016,Tomato,Late blight,oomycete,True,Maharashtra,Western Maharashtra Plain,Solapur,Kharif/Rabi/Summer,6-10,16,25,85,88,cool wet weather,very high,high,"Risk relevance increases when the listed crop, season and disease-favorable weather overlap in Western Maharashtra Plain.",dark water-soaked lesions; rapid foliage collapse under favorable weather,"Avoid prolonged leaf wetness, improve ventilation, remove infected material and follow local disease-warning recommendations.",FarmGuide curated district applicability rule,https://icar.gov.in/sites/default/files/Circulars/ICAR-En-Kharif-Agro-Advisories-for-Farmers-2025.pdf,curated district rule; NOT measured prevalence; expert verification recommended,2026-10-03
DX0017,Tomato,Late blight,oomycete,True,Maharashtra,Marathwada Plateau,Aurangabad,Kharif/Rabi/Summer,6-10,18,25,85,83,cool wet weather,very high,high,"Risk relevance increases when the listed crop, season and disease-favorable weather overlap in Marathwada Plateau.",dark water-soaked lesions; rapid foliage collapse under favorable weather,"Avoid prolonged leaf wetness, improve ventilation, remove infected material and follow local disease-warning recommendations.",FarmGuide curated district applicability rule,https://icar.gov.in/sites/default/files/Circulars/ICAR-En-Kharif-Agro-Advisories-for-Farmers-2025.pdf,curated district rule; NOT measured prevalence; expert verification recommended,2026-10-03
DX0018,Tomato,Late blight,oomycete,True,Maharashtra,Vidarbha Plain,Nagpur,Kharif/Rabi/Summer,6-10,19,25,85,91,cool wet weather,very high,high,"Risk relevance increases when the listed crop, season and disease-favorable weather overlap in Vidarbha Plain.",dark water-soaked lesions; rapid foliage collapse under favorable weather,"Avoid prolonged leaf wetness, improve ventilation, remove infected material and follow local disease-warning recommendations.",FarmGuide curated district applicability rule,https://icar.gov.in/sites/default/files/Circulars/ICAR-En-Kharif-Agro-Advisories-for-Farmers-2025.pdf,curated district rule; NOT measured prevalence; expert verification recommended,2026-10-03
DX0019,Tomato,Leaf mold,fungal,True,Maharashtra,Khandesh,Nashik,Kharif/Rabi/Summer,6-10,20,27,85,83,humid/cloudy weather,high,high,"Risk relevance increases when the listed crop, season and disease-favorable weather overlap in Khandesh.",yellow upper-leaf patches with olive-green growth below,"Improve ventilation, avoid excessive humidity, use resistant cultivars where available and follow local recommendations.",FarmGuide curated district applicability rule,https://icar.gov.in/sites/default/files/Circulars/ICAR-En-Kharif-Agro-Advisories-for-Farmers-2025.pdf,curated district rule; NOT measured prevalence; expert verification recommended,2026-10-03
DX0020,Tomato,Leaf mold,fungal,True,Maharashtra,Western Maharashtra Plain,Pune,Kharif/Rabi/Summer,6-10,18,27,85,88,humid/cloudy weather,high,high,"Risk relevance increases when the listed crop, season and disease-favorable weather overlap in Western Maharashtra Plain.",yellow upper-leaf patches with olive-green growth below,"Improve ventilation, avoid excessive humidity, use resistant cultivars where available and follow local recommendations.",FarmGuide curated district applicability rule,https://icar.gov.in/sites/default/files/Circulars/ICAR-En-Kharif-Agro-Advisories-for-Farmers-2025.pdf,curated district rule; NOT measured prevalence; expert verification recommended,2026-10-03
DX0021,Tomato,Leaf mold,fungal,True,Maharashtra,Western Maharashtra Plain,Ahmednagar,Kharif/Rabi/Summer,6-10,18,27,85,88,humid/cloudy weather,high,high,"Risk relevance increases when the listed crop, season and disease-favorable weather overlap in Western Maharashtra Plain.",yellow upper-leaf patches with olive-green growth below,"Improve ventilation, avoid excessive humidity, use resistant cultivars where available and follow local recommendations.",FarmGuide curated district applicability rule,https://icar.gov.in/sites/default/files/Circulars/ICAR-En-Kharif-Agro-Advisories-for-Farmers-2025.pdf,curated district rule; NOT measured prevalence; expert verification recommended,2026-10-03
DX0022,Tomato,Leaf mold,fungal,True,Maharashtra,Western Maharashtra Plain,Solapur,Kharif/Rabi/Summer,6-10,18,27,85,88,humid/cloudy weather,high,high,"Risk relevance increases when the listed crop, season and disease-favorable weather overlap in Western Maharashtra Plain.",yellow upper-leaf patches with olive-green growth below,"Improve ventilation, avoid excessive humidity, use resistant cultivars where available and follow local recommendations.",FarmGuide curated district applicability rule,https://icar.gov.in/sites/default/files/Circulars/ICAR-En-Kharif-Agro-Advisories-for-Farmers-2025.pdf,curated district rule; NOT measured prevalence; expert verification recommended,2026-10-03
DX0023,Tomato,Leaf mold,fungal,True,Maharashtra,Marathwada Plateau,Aurangabad,Kharif/Rabi/Summer,6-10,18,27,85,83,humid/cloudy weather,high,high,"Risk relevance increases when the listed crop, season and disease-favorable weather overlap in Marathwada Plateau.",yellow upper-leaf patches with olive-green growth below,"Improve ventilation, avoid excessive humidity, use resistant cultivars where available and follow local recommendations.",FarmGuide curated district applicability rule,https://icar.gov.in/sites/default/files/Circulars/ICAR-En-Kharif-Agro-Advisories-for-Farmers-2025.pdf,curated district rule; NOT measured prevalence; expert verification recommended,2026-10-03
DX0024,Tomato,Leaf mold,fungal,True,Maharashtra,Vidarbha Plain,Nagpur,Kharif/Rabi/Summer,6-10,19,27,85,91,humid/cloudy weather,high,high,"Risk relevance increases when the listed crop, season and disease-favorable weather overlap in Vidarbha Plain.",yellow upper-leaf patches with olive-green growth below,"Improve ventilation, avoid excessive humidity, use resistant cultivars where available and follow local recommendations.",FarmGuide curated district applicability rule,https://icar.gov.in/sites/default/files/Circulars/ICAR-En-Kharif-Agro-Advisories-for-Farmers-2025.pdf,curated district rule; NOT measured prevalence; expert verification recommended,2026-10-03
DX0025,Tomato,Septoria leaf spot,fungal,True,Maharashtra,Khandesh,Nashik,Kharif/Rabi/Summer,6-10,20,28,75,83,rain/dew and splash,high,high,"Risk relevance increases when the listed crop, season and disease-favorable weather overlap in Khandesh.",many small circular spots with dark margins and pale centers,"Sanitation, crop rotation, avoid overhead irrigation and use locally approved fungicide recommendations.",FarmGuide curated district applicability rule,https://icar.gov.in/sites/default/files/Circulars/ICAR-En-Kharif-Agro-Advisories-for-Farmers-2025.pdf,curated district rule; NOT measured prevalence; expert verification recommended,2026-10-03
DX0026,Tomato,Septoria leaf spot,fungal,True,Maharashtra,Western Maharashtra Plain,Pune,Kharif/Rabi/Summer,6-10,18,28,75,88,rain/dew and splash,high,high,"Risk relevance increases when the listed crop, season and disease-favorable weather overlap in Western Maharashtra Plain.",many small circular spots with dark margins and pale centers,"Sanitation, crop rotation, avoid overhead irrigation and use locally approved fungicide recommendations.",FarmGuide curated district applicability rule,https://icar.gov.in/sites/default/files/Circulars/ICAR-En-Kharif-Agro-Advisories-for-Farmers-2025.pdf,curated district rule; NOT measured prevalence; expert verification recommended,2026-10-03
DX0027,Tomato,Septoria leaf spot,fungal,True,Maharashtra,Western Maharashtra Plain,Ahmednagar,Kharif/Rabi/Summer,6-10,18,28,75,88,rain/dew and splash,high,high,"Risk relevance increases when the listed crop, season and disease-favorable weather overlap in Western Maharashtra Plain.",many small circular spots with dark margins and pale centers,"Sanitation, crop rotation, avoid overhead irrigation and use locally approved fungicide recommendations.",FarmGuide curated district applicability rule,https://icar.gov.in/sites/default/files/Circulars/ICAR-En-Kharif-Agro-Advisories-for-Farmers-2025.pdf,curated district rule; NOT measured prevalence; expert verification recommended,2026-10-03
DX0028,Tomato,Septoria leaf spot,fungal,True,Maharashtra,Western Maharashtra Plain,Solapur,Kharif/Rabi/Summer,6-10,18,28,75,88,rain/dew and splash,high,high,"Risk relevance increases when the listed crop, season and disease-favorable weather overlap in Western Maharashtra Plain.",many small circular spots with dark margins and pale centers,"Sanitation, crop rotation, avoid overhead irrigation and use locally approved fungicide recommendations.",FarmGuide curated district applicability rule,https://icar.gov.in/sites/default/files/Circulars/ICAR-En-Kharif-Agro-Advisories-for-Farmers-2025.pdf,curated district rule; NOT measured prevalence; expert verification recommended,2026-10-03
DX0029,Tomato,Septoria leaf spot,fungal,True,Maharashtra,Marathwada Plateau,Aurangabad,Kharif/Rabi/Summer,6-10,18,28,75,83,rain/dew and splash,high,high,"Risk relevance increases when the listed crop, season and disease-favorable weather overlap in Marathwada Plateau.",many small circular spots with dark margins and pale centers,"Sanitation, crop rotation, avoid overhead irrigation and use locally approved fungicide recommendations.",FarmGuide curated district applicability rule,https://icar.gov.in/sites/default/files/Circulars/ICAR-En-Kharif-Agro-Advisories-for-Farmers-2025.pdf,curated district rule; NOT measured prevalence; expert verification recommended,2026-10-03
DX0030,Tomato,Septoria leaf spot,fungal,True,Maharashtra,Vidarbha Plain,Nagpur,Kharif/Rabi/Summer,6-10,19,28,75,91,rain/dew and splash,high,high,"Risk relevance increases when the listed crop, season and disease-favorable weather overlap in Vidarbha Plain.",many small circular spots with dark margins and pale centers,"Sanitation, crop rotation, avoid overhead irrigation and use locally approved fungicide recommendations.",FarmGuide curated district applicability rule,https://icar.gov.in/sites/default/files/Circulars/ICAR-En-Kharif-Agro-Advisories-for-Farmers-2025.pdf,curated district rule; NOT measured prevalence; expert verification recommended,2026-10-03
DX0031,Tomato,Target spot,fungal,True,Maharashtra,Khandesh,Nashik,Kharif/Rabi/Summer,6-10,20,30,75,83,rain/high humidity,high,high,"Risk relevance increases when the listed crop, season and disease-favorable weather overlap in Khandesh.",concentric target-like lesions on leaves and fruit,"Reduce canopy humidity, remove infected residue and use integrated disease management.",FarmGuide curated district applicability rule,https://icar.gov.in/sites/default/files/Circulars/ICAR-En-Kharif-Agro-Advisories-for-Farmers-2025.pdf,curated district rule; NOT measured prevalence; expert verification recommended,2026-10-03
DX0032,Tomato,Target spot,fungal,True,Maharashtra,Western Maharashtra Plain,Pune,Kharif/Rabi/Summer,6-10,20,30,75,88,rain/high humidity,high,high,"Risk relevance increases when the listed crop, season and disease-favorable weather overlap in Western Maharashtra Plain.",concentric target-like lesions on leaves and fruit,"Reduce canopy humidity, remove infected residue and use integrated disease management.",FarmGuide curated district applicability rule,https://icar.gov.in/sites/default/files/Circulars/ICAR-En-Kharif-Agro-Advisories-for-Farmers-2025.pdf,curated district rule; NOT measured prevalence; expert verification recommended,2026-10-03
DX0033,Tomato,Target spot,fungal,True,Maharashtra,Western Maharashtra Plain,Ahmednagar,Kharif/Rabi/Summer,6-10,20,30,75,88,rain/high humidity,high,high,"Risk relevance increases when the listed crop, season and disease-favorable weather overlap in Western Maharashtra Plain.",concentric target-like lesions on leaves and fruit,"Reduce canopy humidity, remove infected residue and use integrated disease management.",FarmGuide curated district applicability rule,https://icar.gov.in/sites/default/files/Circulars/ICAR-En-Kharif-Agro-Advisories-for-Farmers-2025.pdf,curated district rule; NOT measured prevalence; expert verification recommended,2026-10-03
DX0034,Tomato,Target spot,fungal,True,Maharashtra,Western Maharashtra Plain,Solapur,Kharif/Rabi/Summer,6-10,20,30,75,88,rain/high humidity,high,high,"Risk relevance increases when the listed crop, season and disease-favorable weather overlap in Western Maharashtra Plain.",concentric target-like lesions on leaves and fruit,"Reduce canopy humidity, remove infected residue and use integrated disease management.",FarmGuide curated district applicability rule,https://icar.gov.in/sites/default/files/Circulars/ICAR-En-Kharif-Agro-Advisories-for-Farmers-2025.pdf,curated district rule; NOT measured prevalence; expert verification recommended,2026-10-03
DX0035,Tomato,Target spot,fungal,True,Maharashtra,Marathwada Plateau,Aurangabad,Kharif/Rabi/Summer,6-10,20,30,75,83,rain/high humidity,high,high,"Risk relevance increases when the listed crop, season and disease-favorable weather overlap in Marathwada Plateau.",concentric target-like lesions on leaves and fruit,"Reduce canopy humidity, remove infected residue and use integrated disease management.",FarmGuide curated district applicability rule,https://icar.gov.in/sites/default/files/Circulars/ICAR-En-Kharif-Agro-Advisories-for-Farmers-2025.pdf,curated district rule; NOT measured prevalence; expert verification recommended,2026-10-03
DX0036,Tomato,Target spot,fungal,True,Maharashtra,Vidarbha Plain,Nagpur,Kharif/Rabi/Summer,6-10,20,30,75,91,rain/high humidity,high,high,"Risk relevance increases when the listed crop, season and disease-favorable weather overlap in Vidarbha Plain.",concentric target-like lesions on leaves and fruit,"Reduce canopy humidity, remove infected residue and use integrated disease management.",FarmGuide curated district applicability rule,https://icar.gov.in/sites/default/files/Circulars/ICAR-En-Kharif-Agro-Advisories-for-Farmers-2025.pdf,curated district rule; NOT measured prevalence; expert verification recommended,2026-10-03
DX0037,Tomato,Tomato yellow leaf curl virus,viral,True,Maharashtra,Khandesh,Nashik,Kharif/Rabi/Summer,6-10,20,32,60,83,whitefly-favorable warm weather,medium-high,high,"Risk relevance increases when the listed crop, season and disease-favorable weather overlap in Khandesh.","leaf curling, yellowing, stunting","Use healthy seedlings, manage whitefly vectors, remove infected plants where recommended and use tolerant varieties.",FarmGuide curated district applicability rule,https://icar.gov.in/sites/default/files/Circulars/ICAR-En-Kharif-Agro-Advisories-for-Farmers-2025.pdf,curated district rule; NOT measured prevalence; expert verification recommended,2026-10-03
DX0038,Tomato,Tomato yellow leaf curl virus,viral,True,Maharashtra,Western Maharashtra Plain,Pune,Kharif/Rabi/Summer,6-10,20,32,60,88,whitefly-favorable warm weather,medium-high,high,"Risk relevance increases when the listed crop, season and disease-favorable weather overlap in Western Maharashtra Plain.","leaf curling, yellowing, stunting","Use healthy seedlings, manage whitefly vectors, remove infected plants where recommended and use tolerant varieties.",FarmGuide curated district applicability rule,https://icar.gov.in/sites/default/files/Circulars/ICAR-En-Kharif-Agro-Advisories-for-Farmers-2025.pdf,curated district rule; NOT measured prevalence; expert verification recommended,2026-10-03
DX0039,Tomato,Tomato yellow leaf curl virus,viral,True,Maharashtra,Western Maharashtra Plain,Ahmednagar,Kharif/Rabi/Summer,6-10,20,32,60,88,whitefly-favorable warm weather,medium-high,high,"Risk relevance increases when the listed crop, season and disease-favorable weather overlap in Western Maharashtra Plain.","leaf curling, yellowing, stunting","Use healthy seedlings, manage whitefly vectors, remove infected plants where recommended and use tolerant varieties.",FarmGuide curated district applicability rule,https://icar.gov.in/sites/default/files/Circulars/ICAR-En-Kharif-Agro-Advisories-for-Farmers-2025.pdf,curated district rule; NOT measured prevalence; expert verification recommended,2026-10-03
DX0040,Tomato,Tomato yellow leaf curl virus,viral,True,Maharashtra,Western Maharashtra Plain,Solapur,Kharif/Rabi/Summer,6-10,20,32,60,88,whitefly-favorable warm weather,medium-high,high,"Risk relevance increases when the listed crop, season and disease-favorable weather overlap in Western Maharashtra Plain.","leaf curling, yellowing, stunting","Use healthy seedlings, manage whitefly vectors, remove infected plants where recommended and use tolerant varieties.",FarmGuide curated district applicability rule,https://icar.gov.in/sites/default/files/Circulars/ICAR-En-Kharif-Agro-Advisories-for-Farmers-2025.pdf,curated district rule; NOT measured prevalence; expert verification recommended,2026-10-03
DX0041,Tomato,Tomato yellow leaf curl virus,viral,True,Maharashtra,Marathwada Plateau,Aurangabad,Kharif/Rabi/Summer,6-10,20,32,60,83,whitefly-favorable warm weather,medium-high,high,"Risk relevance increases when the listed crop, season and disease-favorable weather overlap in Marathwada Plateau.","leaf curling, yellowing, stunting","Use healthy seedlings, manage whitefly vectors, remove infected plants where recommended and use tolerant varieties.",FarmGuide curated district applicability rule,https://icar.gov.in/sites/default/files/Circulars/ICAR-En-Kharif-Agro-Advisories-for-Farmers-2025.pdf,curated district rule; NOT measured prevalence; expert verification recommended,2026-10-03
DX0042,Tomato,Tomato yellow leaf curl virus,viral,True,Maharashtra,Vidarbha Plain,Nagpur,Kharif/Rabi/Summer,6-10,20,32,60,91,whitefly-favorable warm weather,medium-high,high,"Risk relevance increases when the listed crop, season and disease-favorable weather overlap in Vidarbha Plain.","leaf curling, yellowing, stunting","Use healthy seedlings, manage whitefly vectors, remove infected plants where recommended and use tolerant varieties.",FarmGuide curated district applicability rule,https://icar.gov.in/sites/default/files/Circulars/ICAR-En-Kharif-Agro-Advisories-for-Farmers-2025.pdf,curated district rule; NOT measured prevalence; expert verification recommended,2026-10-03
DX0043,Tomato,Tomato mosaic virus,viral,True,Maharashtra,Khandesh,Nashik,Kharif/Rabi/Summer,6-10,20,30,50,83,mechanical spread; moist handling,medium,medium,"Risk relevance increases when the listed crop, season and disease-favorable weather overlap in Khandesh.","mosaic mottling, distortion and stunting","Use clean seed, sanitize tools/hands, remove infected plants and avoid handling healthy plants after infected plants.",FarmGuide curated district applicability rule,https://icar.gov.in/sites/default/files/Circulars/ICAR-En-Kharif-Agro-Advisories-for-Farmers-2025.pdf,curated district rule; NOT measured prevalence; expert verification recommended,2026-10-03
DX0044,Tomato,Tomato mosaic virus,viral,True,Maharashtra,Western Maharashtra Plain,Pune,Kharif/Rabi/Summer,6-10,18,30,50,88,mechanical spread; moist handling,medium,medium,"Risk relevance increases when the listed crop, season and disease-favorable weather overlap in Western Maharashtra Plain.","mosaic mottling, distortion and stunting","Use clean seed, sanitize tools/hands, remove infected plants and avoid handling healthy plants after infected plants.",FarmGuide curated district applicability rule,https://icar.gov.in/sites/default/files/Circulars/ICAR-En-Kharif-Agro-Advisories-for-Farmers-2025.pdf,curated district rule; NOT measured prevalence; expert verification recommended,2026-10-03
DX0045,Tomato,Tomato mosaic virus,viral,True,Maharashtra,Western Maharashtra Plain,Ahmednagar,Kharif/Rabi/Summer,6-10,18,30,50,88,mechanical spread; moist handling,medium,medium,"Risk relevance increases when the listed crop, season and disease-favorable weather overlap in Western Maharashtra Plain.","mosaic mottling, distortion and stunting","Use clean seed, sanitize tools/hands, remove infected plants and avoid handling healthy plants after infected plants.",FarmGuide curated district applicability rule,https://icar.gov.in/sites/default/files/Circulars/ICAR-En-Kharif-Agro-Advisories-for-Farmers-2025.pdf,curated district rule; NOT measured prevalence; expert verification recommended,2026-10-03
DX0046,Tomato,Tomato mosaic virus,viral,True,Maharashtra,Western Maharashtra Plain,Solapur,Kharif/Rabi/Summer,6-10,18,30,50,88,mechanical spread; moist handling,medium,medium,"Risk relevance increases when the listed crop, season and disease-favorable weather overlap in Western Maharashtra Plain.","mosaic mottling, distortion and stunting","Use clean seed, sanitize tools/hands, remove infected plants and avoid handling healthy plants after infected plants.",FarmGuide curated district applicability rule,https://icar.gov.in/sites/default/files/Circulars/ICAR-En-Kharif-Agro-Advisories-for-Farmers-2025.pdf,curated district rule; NOT measured prevalence; expert verification recommended,2026-10-03
DX0047,Tomato,Tomato mosaic virus,viral,True,Maharashtra,Marathwada Plateau,Aurangabad,Kharif/Rabi/Summer,6-10,18,30,50,83,mechanical spread; moist handling,medium,medium,"Risk relevance increases when the listed crop, season and disease-favorable weather overlap in Marathwada Plateau.","mosaic mottling, distortion and stunting","Use clean seed, sanitize tools/hands, remove infected plants and avoid handling healthy plants after infected plants.",FarmGuide curated district applicability rule,https://icar.gov.in/sites/default/files/Circulars/ICAR-En-Kharif-Agro-Advisories-for-Farmers-2025.pdf,curated district rule; NOT measured prevalence; expert verification recommended,2026-10-03
DX0048,Tomato,Tomato mosaic virus,viral,True,Maharashtra,Vidarbha Plain,Nagpur,Kharif/Rabi/Summer,6-10,19,30,50,90,mechanical spread; moist handling,medium,medium,"Risk relevance increases when the listed crop, season and disease-favorable weather overlap in Vidarbha Plain.","mosaic mottling, distortion and stunting","Use clean seed, sanitize tools/hands, remove infected plants and avoid handling healthy plants after infected plants.",FarmGuide curated district applicability rule,https://icar.gov.in/sites/default/files/Circulars/ICAR-En-Kharif-Agro-Advisories-for-Farmers-2025.pdf,curated district rule; NOT measured prevalence; expert verification recommended,2026-10-03
DX0049,Tomato,Powdery mildew,fungal,False,Maharashtra,Khandesh,Nashik,Kharif/Rabi/Summer,6-10,20,30,50,83,dry weather with humid nights,medium,medium,"Risk relevance increases when the listed crop, season and disease-favorable weather overlap in Khandesh.",white powdery growth on leaves,"Improve airflow, avoid dense canopy and use locally approved disease management.",FarmGuide curated district applicability rule,https://icar.gov.in/sites/default/files/Circulars/ICAR-En-Kharif-Agro-Advisories-for-Farmers-2025.pdf,curated district rule; NOT measured prevalence; expert verification recommended,2026-10-03
DX0050,Tomato,Powdery mildew,fungal,False,Maharashtra,Western Maharashtra Plain,Pune,Kharif/Rabi/Summer,6-10,18,30,50,85,dry weather with humid nights,medium,medium,"Risk relevance increases when the listed crop, season and disease-favorable weather overlap in Western Maharashtra Plain.",white powdery growth on leaves,"Improve airflow, avoid dense canopy and use locally approved disease management.",FarmGuide curated district applicability rule,https://icar.gov.in/sites/default/files/Circulars/ICAR-En-Kharif-Agro-Advisories-for-Farmers-2025.pdf,curated district rule; NOT measured prevalence; expert verification recommended,2026-10-03
DX0051,Tomato,Powdery mildew,fungal,False,Maharashtra,Western Maharashtra Plain,Ahmednagar,Kharif/Rabi/Summer,6-10,18,30,50,85,dry weather with humid nights,medium,medium,"Risk relevance increases when the listed crop, season and disease-favorable weather overlap in Western Maharashtra Plain.",white powdery growth on leaves,"Improve airflow, avoid dense canopy and use locally approved disease management.",FarmGuide curated district applicability rule,https://icar.gov.in/sites/default/files/Circulars/ICAR-En-Kharif-Agro-Advisories-for-Farmers-2025.pdf,curated district rule; NOT measured prevalence; expert verification recommended,2026-10-03
DX0052,Tomato,Powdery mildew,fungal,False,Maharashtra,Western Maharashtra Plain,Solapur,Kharif/Rabi/Summer,6-10,18,30,50,85,dry weather with humid nights,medium,medium,"Risk relevance increases when the listed crop, season and disease-favorable weather overlap in Western Maharashtra Plain.",white powdery growth on leaves,"Improve airflow, avoid dense canopy and use locally approved disease management.",FarmGuide curated district applicability rule,https://icar.gov.in/sites/default/files/Circulars/ICAR-En-Kharif-Agro-Advisories-for-Farmers-2025.pdf,curated district rule; NOT measured prevalence; expert verification recommended,2026-10-03
DX0053,Tomato,Powdery mildew,fungal,False,Maharashtra,Marathwada Plateau,Aurangabad,Kharif/Rabi/Summer,6-10,18,30,50,83,dry weather with humid nights,medium,medium-high,"Risk relevance increases when the listed crop, season and disease-favorable weather overlap in Marathwada Plateau.",white powdery growth on leaves,"Improve airflow, avoid dense canopy and use locally approved disease management.",FarmGuide curated district applicability rule,https://icar.gov.in/sites/default/files/Circulars/ICAR-En-Kharif-Agro-Advisories-for-Farmers-2025.pdf,curated district rule; NOT measured prevalence; expert verification recommended,2026-10-03
DX0054,Tomato,Powdery mildew,fungal,False,Maharashtra,Vidarbha Plain,Nagpur,Kharif/Rabi/Summer,6-10,19,30,50,85,dry weather with humid nights,medium,medium,"Risk relevance increases when the listed crop, season and disease-favorable weather overlap in Vidarbha Plain.",white powdery growth on leaves,"Improve airflow, avoid dense canopy and use locally approved disease management.",FarmGuide curated district applicability rule,https://icar.gov.in/sites/default/files/Circulars/ICAR-En-Kharif-Agro-Advisories-for-Farmers-2025.pdf,curated district rule; NOT measured prevalence; expert verification recommended,2026-10-03
DX0055,Tomato,Root-knot nematode,nematode,False,Maharashtra,Khandesh,Nashik,Kharif/Rabi/Summer,6-10,20,32,40,80,warm moist soil,medium-high,high,"Risk relevance increases when the listed crop, season and disease-favorable weather overlap in Khandesh.","galls on roots, stunting and uneven growth","Crop rotation, resistant rootstocks/varieties, sanitation and soil-management practices.",FarmGuide curated district applicability rule,https://icar.gov.in/sites/default/files/Circulars/ICAR-En-Kharif-Agro-Advisories-for-Farmers-2025.pdf,curated district rule; NOT measured prevalence; expert verification recommended,2026-10-03
DX0056,Tomato,Root-knot nematode,nematode,False,Maharashtra,Western Maharashtra Plain,Pune,Kharif/Rabi/Summer,6-10,20,32,45,80,warm moist soil,medium-high,high,"Risk relevance increases when the listed crop, season and disease-favorable weather overlap in Western Maharashtra Plain.","galls on roots, stunting and uneven growth","Crop rotation, resistant rootstocks/varieties, sanitation and soil-management practices.",FarmGuide curated district applicability rule,https://icar.gov.in/sites/default/files/Circulars/ICAR-En-Kharif-Agro-Advisories-for-Farmers-2025.pdf,curated district rule; NOT measured prevalence; expert verification recommended,2026-10-03
DX0057,Tomato,Root-knot nematode,nematode,False,Maharashtra,Western Maharashtra Plain,Ahmednagar,Kharif/Rabi/Summer,6-10,20,32,45,80,warm moist soil,medium-high,high,"Risk relevance increases when the listed crop, season and disease-favorable weather overlap in Western Maharashtra Plain.","galls on roots, stunting and uneven growth","Crop rotation, resistant rootstocks/varieties, sanitation and soil-management practices.",FarmGuide curated district applicability rule,https://icar.gov.in/sites/default/files/Circulars/ICAR-En-Kharif-Agro-Advisories-for-Farmers-2025.pdf,curated district rule; NOT measured prevalence; expert verification recommended,2026-10-03
DX0058,Tomato,Root-knot nematode,nematode,False,Maharashtra,Western Maharashtra Plain,Solapur,Kharif/Rabi/Summer,6-10,20,32,45,80,warm moist soil,medium-high,high,"Risk relevance increases when the listed crop, season and disease-favorable weather overlap in Western Maharashtra Plain.","galls on roots, stunting and uneven growth","Crop rotation, resistant rootstocks/varieties, sanitation and soil-management practices.",FarmGuide curated district applicability rule,https://icar.gov.in/sites/default/files/Circulars/ICAR-En-Kharif-Agro-Advisories-for-Farmers-2025.pdf,curated district rule; NOT measured prevalence; expert verification recommended,2026-10-03
DX0059,Tomato,Root-knot nematode,nematode,False,Maharashtra,Marathwada Plateau,Aurangabad,Kharif/Rabi/Summer,6-10,20,32,40,80,warm moist soil,medium-high,high,"Risk relevance increases when the listed crop, season and disease-favorable weather overlap in Marathwada Plateau.","galls on roots, stunting and uneven growth","Crop rotation, resistant rootstocks/varieties, sanitation and soil-management practices.",FarmGuide curated district applicability rule,https://icar.gov.in/sites/default/files/Circulars/ICAR-En-Kharif-Agro-Advisories-for-Farmers-2025.pdf,curated district rule; NOT measured prevalence; expert verification recommended,2026-10-03
DX0060,Tomato,Root-knot nematode,nematode,False,Maharashtra,Vidarbha Plain,Nagpur,Kharif/Rabi/Summer,6-10,20,32,50,80,warm moist soil,medium-high,high,"Risk relevance increases when the listed crop, season and disease-favorable weather overlap in Vidarbha Plain.","galls on roots, stunting and uneven growth","Crop rotation, resistant rootstocks/varieties, sanitation and soil-management practices.",FarmGuide curated district applicability rule,https://icar.gov.in/sites/default/files/Circulars/ICAR-En-Kharif-Agro-Advisories-for-Farmers-2025.pdf,curated district rule; NOT measured prevalence; expert verification recommended,2026-10-03
DX0061,Onion,Purple blotch,fungal,False,Maharashtra,Khandesh,Nashik,Kharif/Rabi/Summer,6-10,20,30,75,83,rain/dew,high,high,"Risk relevance increases when the listed crop, season and disease-favorable weather overlap in Khandesh.",purple-brown concentric lesions on leaves,"Use clean planting material, spacing, irrigation management and locally recommended fungicide program.",FarmGuide curated district applicability rule,https://icar.gov.in/sites/default/files/Circulars/ICAR-En-Kharif-Agro-Advisories-for-Farmers-2025.pdf,curated district rule; NOT measured prevalence; expert verification recommended,2026-10-03
DX0062,Onion,Purple blotch,fungal,False,Maharashtra,Western Maharashtra Plain,Ahmednagar,Kharif/Rabi/Summer,6-10,20,30,75,88,rain/dew,high,high,"Risk relevance increases when the listed crop, season and disease-favorable weather overlap in Western Maharashtra Plain.",purple-brown concentric lesions on leaves,"Use clean planting material, spacing, irrigation management and locally recommended fungicide program.",FarmGuide curated district applicability rule,https://icar.gov.in/sites/default/files/Circulars/ICAR-En-Kharif-Agro-Advisories-for-Farmers-2025.pdf,curated district rule; NOT measured prevalence; expert verification recommended,2026-10-03
DX0063,Onion,Purple blotch,fungal,False,Maharashtra,Western Maharashtra Plain,Pune,Kharif/Rabi/Summer,6-10,20,30,75,88,rain/dew,high,high,"Risk relevance increases when the listed crop, season and disease-favorable weather overlap in Western Maharashtra Plain.",purple-brown concentric lesions on leaves,"Use clean planting material, spacing, irrigation management and locally recommended fungicide program.",FarmGuide curated district applicability rule,https://icar.gov.in/sites/default/files/Circulars/ICAR-En-Kharif-Agro-Advisories-for-Farmers-2025.pdf,curated district rule; NOT measured prevalence; expert verification recommended,2026-10-03
DX0064,Onion,Purple blotch,fungal,False,Maharashtra,Western Maharashtra Plain,Solapur,Kharif/Rabi/Summer,6-10,20,30,75,88,rain/dew,high,high,"Risk relevance increases when the listed crop, season and disease-favorable weather overlap in Western Maharashtra Plain.",purple-brown concentric lesions on leaves,"Use clean planting material, spacing, irrigation management and locally recommended fungicide program.",FarmGuide curated district applicability rule,https://icar.gov.in/sites/default/files/Circulars/ICAR-En-Kharif-Agro-Advisories-for-Farmers-2025.pdf,curated district rule; NOT measured prevalence; expert verification recommended,2026-10-03
DX0065,Onion,Purple blotch,fungal,False,Maharashtra,Khandesh,Nashik,Kharif/Rabi/Summer,6-10,20,30,75,83,rain/dew,high,high,"Risk relevance increases when the listed crop, season and disease-favorable weather overlap in Khandesh.",purple-brown concentric lesions on leaves,"Use clean planting material, spacing, irrigation management and locally recommended fungicide program.",FarmGuide curated district applicability rule,https://icar.gov.in/sites/default/files/Circulars/ICAR-En-Kharif-Agro-Advisories-for-Farmers-2025.pdf,curated district rule; NOT measured prevalence; expert verification recommended,2026-10-03
DX0066,Onion,Stemphylium blight,fungal,False,Maharashtra,Khandesh,Nashik,Kharif/Rabi/Summer,6-10,20,30,75,83,humid/rainy periods,high,high,"Risk relevance increases when the listed crop, season and disease-favorable weather overlap in Khandesh.",dark elongated leaf lesions and drying,"Reduce prolonged leaf wetness, sanitation and integrated disease management.",FarmGuide curated district applicability rule,https://icar.gov.in/sites/default/files/Circulars/ICAR-En-Kharif-Agro-Advisories-for-Farmers-2025.pdf,curated district rule; NOT measured prevalence; expert verification recommended,2026-10-03
DX0067,Onion,Stemphylium blight,fungal,False,Maharashtra,Western Maharashtra Plain,Ahmednagar,Kharif/Rabi/Summer,6-10,20,30,75,88,humid/rainy periods,high,high,"Risk relevance increases when the listed crop, season and disease-favorable weather overlap in Western Maharashtra Plain.",dark elongated leaf lesions and drying,"Reduce prolonged leaf wetness, sanitation and integrated disease management.",FarmGuide curated district applicability rule,https://icar.gov.in/sites/default/files/Circulars/ICAR-En-Kharif-Agro-Advisories-for-Farmers-2025.pdf,curated district rule; NOT measured prevalence; expert verification recommended,2026-10-03
DX0068,Onion,Stemphylium blight,fungal,False,Maharashtra,Western Maharashtra Plain,Pune,Kharif/Rabi/Summer,6-10,20,30,75,88,humid/rainy periods,high,high,"Risk relevance increases when the listed crop, season and disease-favorable weather overlap in Western Maharashtra Plain.",dark elongated leaf lesions and drying,"Reduce prolonged leaf wetness, sanitation and integrated disease management.",FarmGuide curated district applicability rule,https://icar.gov.in/sites/default/files/Circulars/ICAR-En-Kharif-Agro-Advisories-for-Farmers-2025.pdf,curated district rule; NOT measured prevalence; expert verification recommended,2026-10-03
DX0069,Onion,Stemphylium blight,fungal,False,Maharashtra,Western Maharashtra Plain,Solapur,Kharif/Rabi/Summer,6-10,20,30,75,88,humid/rainy periods,high,high,"Risk relevance increases when the listed crop, season and disease-favorable weather overlap in Western Maharashtra Plain.",dark elongated leaf lesions and drying,"Reduce prolonged leaf wetness, sanitation and integrated disease management.",FarmGuide curated district applicability rule,https://icar.gov.in/sites/default/files/Circulars/ICAR-En-Kharif-Agro-Advisories-for-Farmers-2025.pdf,curated district rule; NOT measured prevalence; expert verification recommended,2026-10-03
DX0070,Onion,Stemphylium blight,fungal,False,Maharashtra,Khandesh,Nashik,Kharif/Rabi/Summer,6-10,20,30,75,83,humid/rainy periods,high,high,"Risk relevance increases when the listed crop, season and disease-favorable weather overlap in Khandesh.",dark elongated leaf lesions and drying,"Reduce prolonged leaf wetness, sanitation and integrated disease management.",FarmGuide curated district applicability rule,https://icar.gov.in/sites/default/files/Circulars/ICAR-En-Kharif-Agro-Advisories-for-Farmers-2025.pdf,curated district rule; NOT measured prevalence; expert verification recommended,2026-10-03
DX0071,Onion,Downy mildew,oomycete,False,Maharashtra,Khandesh,Nashik,Kharif/Rabi/Summer,6-10,20,25,85,83,cool humid weather,high,high,"Risk relevance increases when the listed crop, season and disease-favorable weather overlap in Khandesh.",pale patches with gray-violet growth,"Improve airflow, avoid prolonged wetness and follow local advisories.",FarmGuide curated district applicability rule,https://icar.gov.in/sites/default/files/Circulars/ICAR-En-Kharif-Agro-Advisories-for-Farmers-2025.pdf,curated district rule; NOT measured prevalence; expert verification recommended,2026-10-03
DX0072,Onion,Downy mildew,oomycete,False,Maharashtra,Western Maharashtra Plain,Ahmednagar,Kharif/Rabi/Summer,6-10,16,25,85,88,cool humid weather,high,high,"Risk relevance increases when the listed crop, season and disease-favorable weather overlap in Western Maharashtra Plain.",pale patches with gray-violet growth,"Improve airflow, avoid prolonged wetness and follow local advisories.",FarmGuide curated district applicability rule,https://icar.gov.in/sites/default/files/Circulars/ICAR-En-Kharif-Agro-Advisories-for-Farmers-2025.pdf,curated district rule; NOT measured prevalence; expert verification recommended,2026-10-03
DX0073,Onion,Downy mildew,oomycete,False,Maharashtra,Western Maharashtra Plain,Pune,Kharif/Rabi/Summer,6-10,16,25,85,88,cool humid weather,high,high,"Risk relevance increases when the listed crop, season and disease-favorable weather overlap in Western Maharashtra Plain.",pale patches with gray-violet growth,"Improve airflow, avoid prolonged wetness and follow local advisories.",FarmGuide curated district applicability rule,https://icar.gov.in/sites/default/files/Circulars/ICAR-En-Kharif-Agro-Advisories-for-Farmers-2025.pdf,curated district rule; NOT measured prevalence; expert verification recommended,2026-10-03
DX0074,Onion,Downy mildew,oomycete,False,Maharashtra,Western Maharashtra Plain,Solapur,Kharif/Rabi/Summer,6-10,16,25,85,88,cool humid weather,high,high,"Risk relevance increases when the listed crop, season and disease-favorable weather overlap in Western Maharashtra Plain.",pale patches with gray-violet growth,"Improve airflow, avoid prolonged wetness and follow local advisories.",FarmGuide curated district applicability rule,https://icar.gov.in/sites/default/files/Circulars/ICAR-En-Kharif-Agro-Advisories-for-Farmers-2025.pdf,curated district rule; NOT measured prevalence; expert verification recommended,2026-10-03
DX0075,Onion,Downy mildew,oomycete,False,Maharashtra,Khandesh,Nashik,Kharif/Rabi/Summer,6-10,20,25,85,83,cool humid weather,high,high,"Risk relevance increases when the listed crop, season and disease-favorable weather overlap in Khandesh.",pale patches with gray-violet growth,"Improve airflow, avoid prolonged wetness and follow local advisories.",FarmGuide curated district applicability rule,https://icar.gov.in/sites/default/files/Circulars/ICAR-En-Kharif-Agro-Advisories-for-Farmers-2025.pdf,curated district rule; NOT measured prevalence; expert verification recommended,2026-10-03
DX0076,Onion,Basal rot,fungal,False,Maharashtra,Khandesh,Nashik,Kharif/Rabi/Summer,6-10,20,32,50,83,warm soil/irrigation stress,medium,medium,"Risk relevance increases when the listed crop, season and disease-favorable weather overlap in Khandesh.","yellowing, wilting and basal bulb rot","Use healthy bulbs, drainage, crop rotation and sanitation.",FarmGuide curated district applicability rule,https://icar.gov.in/sites/default/files/Circulars/ICAR-En-Kharif-Agro-Advisories-for-Farmers-2025.pdf,curated district rule; NOT measured prevalence; expert verification recommended,2026-10-03
DX0077,Onion,Basal rot,fungal,False,Maharashtra,Western Maharashtra Plain,Ahmednagar,Kharif/Rabi/Summer,6-10,20,32,50,88,warm soil/irrigation stress,medium,medium,"Risk relevance increases when the listed crop, season and disease-favorable weather overlap in Western Maharashtra Plain.","yellowing, wilting and basal bulb rot","Use healthy bulbs, drainage, crop rotation and sanitation.",FarmGuide curated district applicability rule,https://icar.gov.in/sites/default/files/Circulars/ICAR-En-Kharif-Agro-Advisories-for-Farmers-2025.pdf,curated district rule; NOT measured prevalence; expert verification recommended,2026-10-03
DX0078,Onion,Basal rot,fungal,False,Maharashtra,Western Maharashtra Plain,Pune,Kharif/Rabi/Summer,6-10,20,32,50,88,warm soil/irrigation stress,medium,medium,"Risk relevance increases when the listed crop, season and disease-favorable weather overlap in Western Maharashtra Plain.","yellowing, wilting and basal bulb rot","Use healthy bulbs, drainage, crop rotation and sanitation.",FarmGuide curated district applicability rule,https://icar.gov.in/sites/default/files/Circulars/ICAR-En-Kharif-Agro-Advisories-for-Farmers-2025.pdf,curated district rule; NOT measured prevalence; expert verification recommended,2026-10-03
DX0079,Onion,Basal rot,fungal,False,Maharashtra,Western Maharashtra Plain,Solapur,Kharif/Rabi/Summer,6-10,20,32,50,88,warm soil/irrigation stress,medium,medium,"Risk relevance increases when the listed crop, season and disease-favorable weather overlap in Western Maharashtra Plain.","yellowing, wilting and basal bulb rot","Use healthy bulbs, drainage, crop rotation and sanitation.",FarmGuide curated district applicability rule,https://icar.gov.in/sites/default/files/Circulars/ICAR-En-Kharif-Agro-Advisories-for-Farmers-2025.pdf,curated district rule; NOT measured prevalence; expert verification recommended,2026-10-03
DX0080,Onion,Basal rot,fungal,False,Maharashtra,Khandesh,Nashik,Kharif/Rabi/Summer,6-10,20,32,50,83,warm soil/irrigation stress,medium,medium,"Risk relevance increases when the listed crop, season and disease-favorable weather overlap in Khandesh.","yellowing, wilting and basal bulb rot","Use healthy bulbs, drainage, crop rotation and sanitation.",FarmGuide curated district applicability rule,https://icar.gov.in/sites/default/files/Circulars/ICAR-En-Kharif-Agro-Advisories-for-Farmers-2025.pdf,curated district rule; NOT measured prevalence; expert verification recommended,2026-10-03
DX0081,Grapes,Powdery mildew,fungal,False,Maharashtra,Khandesh,Nashik,Perennial,6-10,20,30,45,83,humid canopy; dry leaf surface,high,high,"Risk relevance increases when the listed crop, season and disease-favorable weather overlap in Khandesh.",white powdery growth on berries and leaves,"Canopy management, sanitation and locally recommended disease-control schedule.",FarmGuide curated district applicability rule,https://icar.gov.in/sites/default/files/Circulars/ICAR-En-Kharif-Agro-Advisories-for-Farmers-2025.pdf,curated district rule; NOT measured prevalence; expert verification recommended,2026-10-03
DX0082,Grapes,Powdery mildew,fungal,False,Maharashtra,Western Maharashtra Plain,Sangli,Perennial,6-10,18,30,45,85,humid canopy; dry leaf surface,high,high,"Risk relevance increases when the listed crop, season and disease-favorable weather overlap in Western Maharashtra Plain.",white powdery growth on berries and leaves,"Canopy management, sanitation and locally recommended disease-control schedule.",FarmGuide curated district applicability rule,https://icar.gov.in/sites/default/files/Circulars/ICAR-En-Kharif-Agro-Advisories-for-Farmers-2025.pdf,curated district rule; NOT measured prevalence; expert verification recommended,2026-10-03
DX0083,Grapes,Powdery mildew,fungal,False,Maharashtra,Western Maharashtra Plain,Pune,Perennial,6-10,18,30,45,85,humid canopy; dry leaf surface,high,high,"Risk relevance increases when the listed crop, season and disease-favorable weather overlap in Western Maharashtra Plain.",white powdery growth on berries and leaves,"Canopy management, sanitation and locally recommended disease-control schedule.",FarmGuide curated district applicability rule,https://icar.gov.in/sites/default/files/Circulars/ICAR-En-Kharif-Agro-Advisories-for-Farmers-2025.pdf,curated district rule; NOT measured prevalence; expert verification recommended,2026-10-03
DX0084,Grapes,Powdery mildew,fungal,False,Maharashtra,Western Maharashtra Plain,Satara,Perennial,6-10,18,30,45,85,humid canopy; dry leaf surface,high,high,"Risk relevance increases when the listed crop, season and disease-favorable weather overlap in Western Maharashtra Plain.",white powdery growth on berries and leaves,"Canopy management, sanitation and locally recommended disease-control schedule.",FarmGuide curated district applicability rule,https://icar.gov.in/sites/default/files/Circulars/ICAR-En-Kharif-Agro-Advisories-for-Farmers-2025.pdf,curated district rule; NOT measured prevalence; expert verification recommended,2026-10-03
DX0085,Grapes,Downy mildew,oomycete,False,Maharashtra,Khandesh,Nashik,Perennial,6-10,20,28,80,83,rain/high humidity,very high,high,"Risk relevance increases when the listed crop, season and disease-favorable weather overlap in Khandesh.",yellow oil spots with white downy growth,"Reduce canopy wetness, monitor weather and follow regional grape advisory schedules.",FarmGuide curated district applicability rule,https://icar.gov.in/sites/default/files/Circulars/ICAR-En-Kharif-Agro-Advisories-for-Farmers-2025.pdf,curated district rule; NOT measured prevalence; expert verification recommended,2026-10-03
DX0086,Grapes,Downy mildew,oomycete,False,Maharashtra,Western Maharashtra Plain,Sangli,Perennial,6-10,18,28,80,88,rain/high humidity,very high,high,"Risk relevance increases when the listed crop, season and disease-favorable weather overlap in Western Maharashtra Plain.",yellow oil spots with white downy growth,"Reduce canopy wetness, monitor weather and follow regional grape advisory schedules.",FarmGuide curated district applicability rule,https://icar.gov.in/sites/default/files/Circulars/ICAR-En-Kharif-Agro-Advisories-for-Farmers-2025.pdf,curated district rule; NOT measured prevalence; expert verification recommended,2026-10-03
DX0087,Grapes,Downy mildew,oomycete,False,Maharashtra,Western Maharashtra Plain,Pune,Perennial,6-10,18,28,80,88,rain/high humidity,very high,high,"Risk relevance increases when the listed crop, season and disease-favorable weather overlap in Western Maharashtra Plain.",yellow oil spots with white downy growth,"Reduce canopy wetness, monitor weather and follow regional grape advisory schedules.",FarmGuide curated district applicability rule,https://icar.gov.in/sites/default/files/Circulars/ICAR-En-Kharif-Agro-Advisories-for-Farmers-2025.pdf,curated district rule; NOT measured prevalence; expert verification recommended,2026-10-03
DX0088,Grapes,Downy mildew,oomycete,False,Maharashtra,Western Maharashtra Plain,Satara,Perennial,6-10,18,28,80,88,rain/high humidity,very high,high,"Risk relevance increases when the listed crop, season and disease-favorable weather overlap in Western Maharashtra Plain.",yellow oil spots with white downy growth,"Reduce canopy wetness, monitor weather and follow regional grape advisory schedules.",FarmGuide curated district applicability rule,https://icar.gov.in/sites/default/files/Circulars/ICAR-En-Kharif-Agro-Advisories-for-Farmers-2025.pdf,curated district rule; NOT measured prevalence; expert verification recommended,2026-10-03
DX0089,Grapes,Black rot,fungal,True,Maharashtra,Khandesh,Nashik,Perennial,6-10,20,30,75,83,rain/humidity,high,high,"Risk relevance increases when the listed crop, season and disease-favorable weather overlap in Khandesh.",brown leaf lesions and blackened shriveled berries,"Remove mummified fruit, sanitation, canopy ventilation and local advisory-based protection.",FarmGuide curated district applicability rule,https://icar.gov.in/sites/default/files/Circulars/ICAR-En-Kharif-Agro-Advisories-for-Farmers-2025.pdf,curated district rule; NOT measured prevalence; expert verification recommended,2026-10-03
DX0090,Grapes,Black rot,fungal,True,Maharashtra,Western Maharashtra Plain,Sangli,Perennial,6-10,20,30,75,88,rain/humidity,high,high,"Risk relevance increases when the listed crop, season and disease-favorable weather overlap in Western Maharashtra Plain.",brown leaf lesions and blackened shriveled berries,"Remove mummified fruit, sanitation, canopy ventilation and local advisory-based protection.",FarmGuide curated district applicability rule,https://icar.gov.in/sites/default/files/Circulars/ICAR-En-Kharif-Agro-Advisories-for-Farmers-2025.pdf,curated district rule; NOT measured prevalence; expert verification recommended,2026-10-03
DX0091,Grapes,Black rot,fungal,True,Maharashtra,Western Maharashtra Plain,Pune,Perennial,6-10,20,30,75,88,rain/humidity,high,high,"Risk relevance increases when the listed crop, season and disease-favorable weather overlap in Western Maharashtra Plain.",brown leaf lesions and blackened shriveled berries,"Remove mummified fruit, sanitation, canopy ventilation and local advisory-based protection.",FarmGuide curated district applicability rule,https://icar.gov.in/sites/default/files/Circulars/ICAR-En-Kharif-Agro-Advisories-for-Farmers-2025.pdf,curated district rule; NOT measured prevalence; expert verification recommended,2026-10-03
DX0092,Grapes,Black rot,fungal,True,Maharashtra,Western Maharashtra Plain,Satara,Perennial,6-10,20,30,75,88,rain/humidity,high,high,"Risk relevance increases when the listed crop, season and disease-favorable weather overlap in Western Maharashtra Plain.",brown leaf lesions and blackened shriveled berries,"Remove mummified fruit, sanitation, canopy ventilation and local advisory-based protection.",FarmGuide curated district applicability rule,https://icar.gov.in/sites/default/files/Circulars/ICAR-En-Kharif-Agro-Advisories-for-Farmers-2025.pdf,curated district rule; NOT measured prevalence; expert verification recommended,2026-10-03
DX0093,Grapes,Anthracnose,fungal,False,Maharashtra,Khandesh,Nashik,Perennial,6-10,20,30,75,83,rain/humidity,high,high,"Risk relevance increases when the listed crop, season and disease-favorable weather overlap in Khandesh.","dark sunken lesions on shoots, leaves and berries","Prune infected tissue, sanitation and follow local recommendations.",FarmGuide curated district applicability rule,https://icar.gov.in/sites/default/files/Circulars/ICAR-En-Kharif-Agro-Advisories-for-Farmers-2025.pdf,curated district rule; NOT measured prevalence; expert verification recommended,2026-10-03
DX0094,Grapes,Anthracnose,fungal,False,Maharashtra,Western Maharashtra Plain,Sangli,Perennial,6-10,20,30,75,88,rain/humidity,high,high,"Risk relevance increases when the listed crop, season and disease-favorable weather overlap in Western Maharashtra Plain.","dark sunken lesions on shoots, leaves and berries","Prune infected tissue, sanitation and follow local recommendations.",FarmGuide curated district applicability rule,https://icar.gov.in/sites/default/files/Circulars/ICAR-En-Kharif-Agro-Advisories-for-Farmers-2025.pdf,curated district rule; NOT measured prevalence; expert verification recommended,2026-10-03
DX0095,Grapes,Anthracnose,fungal,False,Maharashtra,Western Maharashtra Plain,Pune,Perennial,6-10,20,30,75,88,rain/humidity,high,high,"Risk relevance increases when the listed crop, season and disease-favorable weather overlap in Western Maharashtra Plain.","dark sunken lesions on shoots, leaves and berries","Prune infected tissue, sanitation and follow local recommendations.",FarmGuide curated district applicability rule,https://icar.gov.in/sites/default/files/Circulars/ICAR-En-Kharif-Agro-Advisories-for-Farmers-2025.pdf,curated district rule; NOT measured prevalence; expert verification recommended,2026-10-03
DX0096,Grapes,Anthracnose,fungal,False,Maharashtra,Western Maharashtra Plain,Satara,Perennial,6-10,20,30,75,88,rain/humidity,high,high,"Risk relevance increases when the listed crop, season and disease-favorable weather overlap in Western Maharashtra Plain.","dark sunken lesions on shoots, leaves and berries","Prune infected tissue, sanitation and follow local recommendations.",FarmGuide curated district applicability rule,https://icar.gov.in/sites/default/files/Circulars/ICAR-En-Kharif-Agro-Advisories-for-Farmers-2025.pdf,curated district rule; NOT measured prevalence; expert verification recommended,2026-10-03
DX0097,Grapes,Leaf blight,fungal,True,Maharashtra,Khandesh,Nashik,Perennial,6-10,22,32,70,83,warm humid weather,high,high,"Risk relevance increases when the listed crop, season and disease-favorable weather overlap in Khandesh.",necrotic leaf lesions and defoliation,"Canopy ventilation, sanitation and locally approved management.",FarmGuide curated district applicability rule,https://icar.gov.in/sites/default/files/Circulars/ICAR-En-Kharif-Agro-Advisories-for-Farmers-2025.pdf,curated district rule; NOT measured prevalence; expert verification recommended,2026-10-03
DX0098,Grapes,Leaf blight,fungal,True,Maharashtra,Western Maharashtra Plain,Sangli,Perennial,6-10,22,32,70,88,warm humid weather,high,high,"Risk relevance increases when the listed crop, season and disease-favorable weather overlap in Western Maharashtra Plain.",necrotic leaf lesions and defoliation,"Canopy ventilation, sanitation and locally approved management.",FarmGuide curated district applicability rule,https://icar.gov.in/sites/default/files/Circulars/ICAR-En-Kharif-Agro-Advisories-for-Farmers-2025.pdf,curated district rule; NOT measured prevalence; expert verification recommended,2026-10-03
DX0099,Grapes,Leaf blight,fungal,True,Maharashtra,Western Maharashtra Plain,Pune,Perennial,6-10,22,32,70,88,warm humid weather,high,high,"Risk relevance increases when the listed crop, season and disease-favorable weather overlap in Western Maharashtra Plain.",necrotic leaf lesions and defoliation,"Canopy ventilation, sanitation and locally approved management.",FarmGuide curated district applicability rule,https://icar.gov.in/sites/default/files/Circulars/ICAR-En-Kharif-Agro-Advisories-for-Farmers-2025.pdf,curated district rule; NOT measured prevalence; expert verification recommended,2026-10-03
DX0100,Grapes,Leaf blight,fungal,True,Maharashtra,Western Maharashtra Plain,Satara,Perennial,6-10,22,32,70,88,warm humid weather,high,high,"Risk relevance increases when the listed crop, season and disease-favorable weather overlap in Western Maharashtra Plain.",necrotic leaf lesions and defoliation,"Canopy ventilation, sanitation and locally approved management.",FarmGuide curated district applicability rule,https://icar.gov.in/sites/default/files/Circulars/ICAR-En-Kharif-Agro-Advisories-for-Farmers-2025.pdf,curated district rule; NOT measured prevalence; expert verification recommended,2026-10-03
DX0101,Grapes,Bacterial leaf spot,bacterial,False,Maharashtra,Khandesh,Nashik,Perennial,6-10,22,32,70,83,rain/splash,medium-high,high,"Risk relevance increases when the listed crop, season and disease-favorable weather overlap in Khandesh.",water-soaked to dark leaf spots,"Clean planting material, avoid splash and use local advisory guidance.",FarmGuide curated district applicability rule,https://icar.gov.in/sites/default/files/Circulars/ICAR-En-Kharif-Agro-Advisories-for-Farmers-2025.pdf,curated district rule; NOT measured prevalence; expert verification recommended,2026-10-03
DX0102,Grapes,Bacterial leaf spot,bacterial,False,Maharashtra,Western Maharashtra Plain,Sangli,Perennial,6-10,22,32,70,88,rain/splash,medium-high,high,"Risk relevance increases when the listed crop, season and disease-favorable weather overlap in Western Maharashtra Plain.",water-soaked to dark leaf spots,"Clean planting material, avoid splash and use local advisory guidance.",FarmGuide curated district applicability rule,https://icar.gov.in/sites/default/files/Circulars/ICAR-En-Kharif-Agro-Advisories-for-Farmers-2025.pdf,curated district rule; NOT measured prevalence; expert verification recommended,2026-10-03
DX0103,Grapes,Bacterial leaf spot,bacterial,False,Maharashtra,Western Maharashtra Plain,Pune,Perennial,6-10,22,32,70,88,rain/splash,medium-high,high,"Risk relevance increases when the listed crop, season and disease-favorable weather overlap in Western Maharashtra Plain.",water-soaked to dark leaf spots,"Clean planting material, avoid splash and use local advisory guidance.",FarmGuide curated district applicability rule,https://icar.gov.in/sites/default/files/Circulars/ICAR-En-Kharif-Agro-Advisories-for-Farmers-2025.pdf,curated district rule; NOT measured prevalence; expert verification recommended,2026-10-03
DX0104,Grapes,Bacterial leaf spot,bacterial,False,Maharashtra,Western Maharashtra Plain,Satara,Perennial,6-10,22,32,70,88,rain/splash,medium-high,high,"Risk relevance increases when the listed crop, season and disease-favorable weather overlap in Western Maharashtra Plain.",water-soaked to dark leaf spots,"Clean planting material, avoid splash and use local advisory guidance.",FarmGuide curated district applicability rule,https://icar.gov.in/sites/default/files/Circulars/ICAR-En-Kharif-Agro-Advisories-for-Farmers-2025.pdf,curated district rule; NOT measured prevalence; expert verification recommended,2026-10-03
DX0105,Pomegranate,Bacterial blight,bacterial,False,Maharashtra,Western Maharashtra Plain,Solapur,Perennial,6-10,22,32,70,88,rain/humidity,very high,high,"Risk relevance increases when the listed crop, season and disease-favorable weather overlap in Western Maharashtra Plain.","dark water-soaked spots, fruit cracking/lesions","Sanitation, canopy ventilation, clean planting material and follow local pomegranate advisories.",FarmGuide curated district applicability rule,https://icar.gov.in/sites/default/files/Circulars/ICAR-En-Kharif-Agro-Advisories-for-Farmers-2025.pdf,curated district rule; NOT measured prevalence; expert verification recommended,2026-10-03
DX0106,Pomegranate,Bacterial blight,bacterial,False,Maharashtra,Western Maharashtra Plain,Sangli,Perennial,6-10,22,32,70,88,rain/humidity,very high,high,"Risk relevance increases when the listed crop, season and disease-favorable weather overlap in Western Maharashtra Plain.","dark water-soaked spots, fruit cracking/lesions","Sanitation, canopy ventilation, clean planting material and follow local pomegranate advisories.",FarmGuide curated district applicability rule,https://icar.gov.in/sites/default/files/Circulars/ICAR-En-Kharif-Agro-Advisories-for-Farmers-2025.pdf,curated district rule; NOT measured prevalence; expert verification recommended,2026-10-03
DX0107,Pomegranate,Bacterial blight,bacterial,False,Maharashtra,Western Maharashtra Plain,Ahmednagar,Perennial,6-10,22,32,70,88,rain/humidity,very high,high,"Risk relevance increases when the listed crop, season and disease-favorable weather overlap in Western Maharashtra Plain.","dark water-soaked spots, fruit cracking/lesions","Sanitation, canopy ventilation, clean planting material and follow local pomegranate advisories.",FarmGuide curated district applicability rule,https://icar.gov.in/sites/default/files/Circulars/ICAR-En-Kharif-Agro-Advisories-for-Farmers-2025.pdf,curated district rule; NOT measured prevalence; expert verification recommended,2026-10-03
DX0108,Pomegranate,Bacterial blight,bacterial,False,Maharashtra,Western Maharashtra Plain,Pune,Perennial,6-10,22,32,70,88,rain/humidity,very high,high,"Risk relevance increases when the listed crop, season and disease-favorable weather overlap in Western Maharashtra Plain.","dark water-soaked spots, fruit cracking/lesions","Sanitation, canopy ventilation, clean planting material and follow local pomegranate advisories.",FarmGuide curated district applicability rule,https://icar.gov.in/sites/default/files/Circulars/ICAR-En-Kharif-Agro-Advisories-for-Farmers-2025.pdf,curated district rule; NOT measured prevalence; expert verification recommended,2026-10-03
DX0109,Pomegranate,Alternaria fruit spot,fungal,False,Maharashtra,Western Maharashtra Plain,Solapur,Perennial,6-10,20,32,65,88,rain/humidity,high,high,"Risk relevance increases when the listed crop, season and disease-favorable weather overlap in Western Maharashtra Plain.",dark fruit spots and leaf lesions,"Remove infected debris/fruits, improve canopy airflow and follow local recommendations.",FarmGuide curated district applicability rule,https://icar.gov.in/sites/default/files/Circulars/ICAR-En-Kharif-Agro-Advisories-for-Farmers-2025.pdf,curated district rule; NOT measured prevalence; expert verification recommended,2026-10-03
DX0110,Pomegranate,Alternaria fruit spot,fungal,False,Maharashtra,Western Maharashtra Plain,Sangli,Perennial,6-10,20,32,65,88,rain/humidity,high,high,"Risk relevance increases when the listed crop, season and disease-favorable weather overlap in Western Maharashtra Plain.",dark fruit spots and leaf lesions,"Remove infected debris/fruits, improve canopy airflow and follow local recommendations.",FarmGuide curated district applicability rule,https://icar.gov.in/sites/default/files/Circulars/ICAR-En-Kharif-Agro-Advisories-for-Farmers-2025.pdf,curated district rule; NOT measured prevalence; expert verification recommended,2026-10-03
DX0111,Pomegranate,Alternaria fruit spot,fungal,False,Maharashtra,Western Maharashtra Plain,Ahmednagar,Perennial,6-10,20,32,65,88,rain/humidity,high,high,"Risk relevance increases when the listed crop, season and disease-favorable weather overlap in Western Maharashtra Plain.",dark fruit spots and leaf lesions,"Remove infected debris/fruits, improve canopy airflow and follow local recommendations.",FarmGuide curated district applicability rule,https://icar.gov.in/sites/default/files/Circulars/ICAR-En-Kharif-Agro-Advisories-for-Farmers-2025.pdf,curated district rule; NOT measured prevalence; expert verification recommended,2026-10-03
DX0112,Pomegranate,Alternaria fruit spot,fungal,False,Maharashtra,Western Maharashtra Plain,Pune,Perennial,6-10,20,32,65,88,rain/humidity,high,high,"Risk relevance increases when the listed crop, season and disease-favorable weather overlap in Western Maharashtra Plain.",dark fruit spots and leaf lesions,"Remove infected debris/fruits, improve canopy airflow and follow local recommendations.",FarmGuide curated district applicability rule,https://icar.gov.in/sites/default/files/Circulars/ICAR-En-Kharif-Agro-Advisories-for-Farmers-2025.pdf,curated district rule; NOT measured prevalence; expert verification recommended,2026-10-03
DX0113,Pomegranate,Wilt complex,fungal/soil-borne,False,Maharashtra,Western Maharashtra Plain,Solapur,Perennial,6-10,22,34,50,88,warm soil and moisture stress,medium-high,high,"Risk relevance increases when the listed crop, season and disease-favorable weather overlap in Western Maharashtra Plain.","yellowing, wilting and vascular/root damage","Drainage, sanitation, crop rotation where feasible and certified planting material.",FarmGuide curated district applicability rule,https://icar.gov.in/sites/default/files/Circulars/ICAR-En-Kharif-Agro-Advisories-for-Farmers-2025.pdf,curated district rule; NOT measured prevalence; expert verification recommended,2026-10-03
DX0114,Pomegranate,Wilt complex,fungal/soil-borne,False,Maharashtra,Western Maharashtra Plain,Sangli,Perennial,6-10,22,34,50,88,warm soil and moisture stress,medium-high,high,"Risk relevance increases when the listed crop, season and disease-favorable weather overlap in Western Maharashtra Plain.","yellowing, wilting and vascular/root damage","Drainage, sanitation, crop rotation where feasible and certified planting material.",FarmGuide curated district applicability rule,https://icar.gov.in/sites/default/files/Circulars/ICAR-En-Kharif-Agro-Advisories-for-Farmers-2025.pdf,curated district rule; NOT measured prevalence; expert verification recommended,2026-10-03
DX0115,Pomegranate,Wilt complex,fungal/soil-borne,False,Maharashtra,Western Maharashtra Plain,Ahmednagar,Perennial,6-10,22,34,50,88,warm soil and moisture stress,medium-high,high,"Risk relevance increases when the listed crop, season and disease-favorable weather overlap in Western Maharashtra Plain.","yellowing, wilting and vascular/root damage","Drainage, sanitation, crop rotation where feasible and certified planting material.",FarmGuide curated district applicability rule,https://icar.gov.in/sites/default/files/Circulars/ICAR-En-Kharif-Agro-Advisories-for-Farmers-2025.pdf,curated district rule; NOT measured prevalence; expert verification recommended,2026-10-03
DX0116,Pomegranate,Wilt complex,fungal/soil-borne,False,Maharashtra,Western Maharashtra Plain,Pune,Perennial,6-10,22,34,50,88,warm soil and moisture stress,medium-high,high,"Risk relevance increases when the listed crop, season and disease-favorable weather overlap in Western Maharashtra Plain.","yellowing, wilting and vascular/root damage","Drainage, sanitation, crop rotation where feasible and certified planting material.",FarmGuide curated district applicability rule,https://icar.gov.in/sites/default/files/Circulars/ICAR-En-Kharif-Agro-Advisories-for-Farmers-2025.pdf,curated district rule; NOT measured prevalence; expert verification recommended,2026-10-03
DX0117,Cotton,Bacterial blight,bacterial,False,Maharashtra,Vidarbha Plain,Yavatmal,Kharif,6-10,24,32,70,91,rain/splash,high,high,"Risk relevance increases when the listed crop, season and disease-favorable weather overlap in Vidarbha Plain.",angular water-soaked lesions and black arm lesions,"Use clean seed, resistant/tolerant varieties, sanitation and locally recommended protection.",FarmGuide curated district applicability rule,https://icar.gov.in/sites/default/files/Circulars/ICAR-En-Kharif-Agro-Advisories-for-Farmers-2025.pdf,curated district rule; NOT measured prevalence; expert verification recommended,2026-10-03
DX0118,Cotton,Bacterial blight,bacterial,False,Maharashtra,Vidarbha Plain,Akola,Kharif,6-10,24,32,70,91,rain/splash,high,high,"Risk relevance increases when the listed crop, season and disease-favorable weather overlap in Vidarbha Plain.",angular water-soaked lesions and black arm lesions,"Use clean seed, resistant/tolerant varieties, sanitation and locally recommended protection.",FarmGuide curated district applicability rule,https://icar.gov.in/sites/default/files/Circulars/ICAR-En-Kharif-Agro-Advisories-for-Farmers-2025.pdf,curated district rule; NOT measured prevalence; expert verification recommended,2026-10-03
DX0119,Cotton,Bacterial blight,bacterial,False,Maharashtra,Vidarbha Plain,Amravati,Kharif,6-10,24,32,70,91,rain/splash,high,high,"Risk relevance increases when the listed crop, season and disease-favorable weather overlap in Vidarbha Plain.",angular water-soaked lesions and black arm lesions,"Use clean seed, resistant/tolerant varieties, sanitation and locally recommended protection.",FarmGuide curated district applicability rule,https://icar.gov.in/sites/default/files/Circulars/ICAR-En-Kharif-Agro-Advisories-for-Farmers-2025.pdf,curated district rule; NOT measured prevalence; expert verification recommended,2026-10-03
DX0120,Cotton,Bacterial blight,bacterial,False,Maharashtra,Vidarbha Plain,Buldhana,Kharif,6-10,24,32,70,91,rain/splash,high,high,"Risk relevance increases when the listed crop, season and disease-favorable weather overlap in Vidarbha Plain.",angular water-soaked lesions and black arm lesions,"Use clean seed, resistant/tolerant varieties, sanitation and locally recommended protection.",FarmGuide curated district applicability rule,https://icar.gov.in/sites/default/files/Circulars/ICAR-En-Kharif-Agro-Advisories-for-Farmers-2025.pdf,curated district rule; NOT measured prevalence; expert verification recommended,2026-10-03
DX0121,Cotton,Bacterial blight,bacterial,False,Maharashtra,Vidarbha Plain,Wardha,Kharif,6-10,24,32,70,91,rain/splash,high,high,"Risk relevance increases when the listed crop, season and disease-favorable weather overlap in Vidarbha Plain.",angular water-soaked lesions and black arm lesions,"Use clean seed, resistant/tolerant varieties, sanitation and locally recommended protection.",FarmGuide curated district applicability rule,https://icar.gov.in/sites/default/files/Circulars/ICAR-En-Kharif-Agro-Advisories-for-Farmers-2025.pdf,curated district rule; NOT measured prevalence; expert verification recommended,2026-10-03
DX0122,Cotton,Bacterial blight,bacterial,False,Maharashtra,Vidarbha Plain,Washim,Kharif,6-10,24,32,70,91,rain/splash,high,high,"Risk relevance increases when the listed crop, season and disease-favorable weather overlap in Vidarbha Plain.",angular water-soaked lesions and black arm lesions,"Use clean seed, resistant/tolerant varieties, sanitation and locally recommended protection.",FarmGuide curated district applicability rule,https://icar.gov.in/sites/default/files/Circulars/ICAR-En-Kharif-Agro-Advisories-for-Farmers-2025.pdf,curated district rule; NOT measured prevalence; expert verification recommended,2026-10-03
DX0123,Cotton,Bacterial blight,bacterial,False,Maharashtra,Marathwada Plateau,Nanded,Kharif,6-10,24,32,70,83,rain/splash,high,high,"Risk relevance increases when the listed crop, season and disease-favorable weather overlap in Marathwada Plateau.",angular water-soaked lesions and black arm lesions,"Use clean seed, resistant/tolerant varieties, sanitation and locally recommended protection.",FarmGuide curated district applicability rule,https://icar.gov.in/sites/default/files/Circulars/ICAR-En-Kharif-Agro-Advisories-for-Farmers-2025.pdf,curated district rule; NOT measured prevalence; expert verification recommended,2026-10-03
DX0124,Cotton,Bacterial blight,bacterial,False,Maharashtra,Marathwada Plateau,Parbhani,Kharif,6-10,24,32,70,83,rain/splash,high,high,"Risk relevance increases when the listed crop, season and disease-favorable weather overlap in Marathwada Plateau.",angular water-soaked lesions and black arm lesions,"Use clean seed, resistant/tolerant varieties, sanitation and locally recommended protection.",FarmGuide curated district applicability rule,https://icar.gov.in/sites/default/files/Circulars/ICAR-En-Kharif-Agro-Advisories-for-Farmers-2025.pdf,curated district rule; NOT measured prevalence; expert verification recommended,2026-10-03
DX0125,Cotton,Alternaria leaf spot,fungal,False,Maharashtra,Vidarbha Plain,Yavatmal,Kharif,6-10,22,30,70,91,humid/rainy weather,medium-high,high,"Risk relevance increases when the listed crop, season and disease-favorable weather overlap in Vidarbha Plain.",brown circular leaf spots,"Balanced nutrition, sanitation, canopy management and local advisory guidance.",FarmGuide curated district applicability rule,https://icar.gov.in/sites/default/files/Circulars/ICAR-En-Kharif-Agro-Advisories-for-Farmers-2025.pdf,curated district rule; NOT measured prevalence; expert verification recommended,2026-10-03
DX0126,Cotton,Alternaria leaf spot,fungal,False,Maharashtra,Vidarbha Plain,Akola,Kharif,6-10,22,30,70,91,humid/rainy weather,medium-high,high,"Risk relevance increases when the listed crop, season and disease-favorable weather overlap in Vidarbha Plain.",brown circular leaf spots,"Balanced nutrition, sanitation, canopy management and local advisory guidance.",FarmGuide curated district applicability rule,https://icar.gov.in/sites/default/files/Circulars/ICAR-En-Kharif-Agro-Advisories-for-Farmers-2025.pdf,curated district rule; NOT measured prevalence; expert verification recommended,2026-10-03
DX0127,Cotton,Alternaria leaf spot,fungal,False,Maharashtra,Vidarbha Plain,Amravati,Kharif,6-10,22,30,70,91,humid/rainy weather,medium-high,high,"Risk relevance increases when the listed crop, season and disease-favorable weather overlap in Vidarbha Plain.",brown circular leaf spots,"Balanced nutrition, sanitation, canopy management and local advisory guidance.",FarmGuide curated district applicability rule,https://icar.gov.in/sites/default/files/Circulars/ICAR-En-Kharif-Agro-Advisories-for-Farmers-2025.pdf,curated district rule; NOT measured prevalence; expert verification recommended,2026-10-03
DX0128,Cotton,Alternaria leaf spot,fungal,False,Maharashtra,Vidarbha Plain,Buldhana,Kharif,6-10,22,30,70,91,humid/rainy weather,medium-high,high,"Risk relevance increases when the listed crop, season and disease-favorable weather overlap in Vidarbha Plain.",brown circular leaf spots,"Balanced nutrition, sanitation, canopy management and local advisory guidance.",FarmGuide curated district applicability rule,https://icar.gov.in/sites/default/files/Circulars/ICAR-En-Kharif-Agro-Advisories-for-Farmers-2025.pdf,curated district rule; NOT measured prevalence; expert verification recommended,2026-10-03
DX0129,Cotton,Alternaria leaf spot,fungal,False,Maharashtra,Vidarbha Plain,Wardha,Kharif,6-10,22,30,70,91,humid/rainy weather,medium-high,high,"Risk relevance increases when the listed crop, season and disease-favorable weather overlap in Vidarbha Plain.",brown circular leaf spots,"Balanced nutrition, sanitation, canopy management and local advisory guidance.",FarmGuide curated district applicability rule,https://icar.gov.in/sites/default/files/Circulars/ICAR-En-Kharif-Agro-Advisories-for-Farmers-2025.pdf,curated district rule; NOT measured prevalence; expert verification recommended,2026-10-03
DX0130,Cotton,Alternaria leaf spot,fungal,False,Maharashtra,Vidarbha Plain,Washim,Kharif,6-10,22,30,70,91,humid/rainy weather,medium-high,high,"Risk relevance increases when the listed crop, season and disease-favorable weather overlap in Vidarbha Plain.",brown circular leaf spots,"Balanced nutrition, sanitation, canopy management and local advisory guidance.",FarmGuide curated district applicability rule,https://icar.gov.in/sites/default/files/Circulars/ICAR-En-Kharif-Agro-Advisories-for-Farmers-2025.pdf,curated district rule; NOT measured prevalence; expert verification recommended,2026-10-03
DX0131,Cotton,Alternaria leaf spot,fungal,False,Maharashtra,Marathwada Plateau,Nanded,Kharif,6-10,22,30,70,83,humid/rainy weather,medium-high,high,"Risk relevance increases when the listed crop, season and disease-favorable weather overlap in Marathwada Plateau.",brown circular leaf spots,"Balanced nutrition, sanitation, canopy management and local advisory guidance.",FarmGuide curated district applicability rule,https://icar.gov.in/sites/default/files/Circulars/ICAR-En-Kharif-Agro-Advisories-for-Farmers-2025.pdf,curated district rule; NOT measured prevalence; expert verification recommended,2026-10-03
DX0132,Cotton,Alternaria leaf spot,fungal,False,Maharashtra,Marathwada Plateau,Parbhani,Kharif,6-10,22,30,70,83,humid/rainy weather,medium-high,high,"Risk relevance increases when the listed crop, season and disease-favorable weather overlap in Marathwada Plateau.",brown circular leaf spots,"Balanced nutrition, sanitation, canopy management and local advisory guidance.",FarmGuide curated district applicability rule,https://icar.gov.in/sites/default/files/Circulars/ICAR-En-Kharif-Agro-Advisories-for-Farmers-2025.pdf,curated district rule; NOT measured prevalence; expert verification recommended,2026-10-03
DX0133,Cotton,Fusarium wilt,fungal,False,Maharashtra,Vidarbha Plain,Yavatmal,Kharif,6-10,25,35,50,85,warm soil,medium-high,high,"Risk relevance increases when the listed crop, season and disease-favorable weather overlap in Vidarbha Plain.","yellowing, wilting and vascular browning","Crop rotation, resistant varieties and clean planting material.",FarmGuide curated district applicability rule,https://icar.gov.in/sites/default/files/Circulars/ICAR-En-Kharif-Agro-Advisories-for-Farmers-2025.pdf,curated district rule; NOT measured prevalence; expert verification recommended,2026-10-03
DX0134,Cotton,Fusarium wilt,fungal,False,Maharashtra,Vidarbha Plain,Akola,Kharif,6-10,25,35,50,85,warm soil,medium-high,high,"Risk relevance increases when the listed crop, season and disease-favorable weather overlap in Vidarbha Plain.","yellowing, wilting and vascular browning","Crop rotation, resistant varieties and clean planting material.",FarmGuide curated district applicability rule,https://icar.gov.in/sites/default/files/Circulars/ICAR-En-Kharif-Agro-Advisories-for-Farmers-2025.pdf,curated district rule; NOT measured prevalence; expert verification recommended,2026-10-03
DX0135,Cotton,Fusarium wilt,fungal,False,Maharashtra,Vidarbha Plain,Amravati,Kharif,6-10,25,35,50,85,warm soil,medium-high,high,"Risk relevance increases when the listed crop, season and disease-favorable weather overlap in Vidarbha Plain.","yellowing, wilting and vascular browning","Crop rotation, resistant varieties and clean planting material.",FarmGuide curated district applicability rule,https://icar.gov.in/sites/default/files/Circulars/ICAR-En-Kharif-Agro-Advisories-for-Farmers-2025.pdf,curated district rule; NOT measured prevalence; expert verification recommended,2026-10-03
DX0136,Cotton,Fusarium wilt,fungal,False,Maharashtra,Vidarbha Plain,Buldhana,Kharif,6-10,25,35,50,85,warm soil,medium-high,high,"Risk relevance increases when the listed crop, season and disease-favorable weather overlap in Vidarbha Plain.","yellowing, wilting and vascular browning","Crop rotation, resistant varieties and clean planting material.",FarmGuide curated district applicability rule,https://icar.gov.in/sites/default/files/Circulars/ICAR-En-Kharif-Agro-Advisories-for-Farmers-2025.pdf,curated district rule; NOT measured prevalence; expert verification recommended,2026-10-03
DX0137,Cotton,Fusarium wilt,fungal,False,Maharashtra,Vidarbha Plain,Wardha,Kharif,6-10,25,35,50,85,warm soil,medium-high,high,"Risk relevance increases when the listed crop, season and disease-favorable weather overlap in Vidarbha Plain.","yellowing, wilting and vascular browning","Crop rotation, resistant varieties and clean planting material.",FarmGuide curated district applicability rule,https://icar.gov.in/sites/default/files/Circulars/ICAR-En-Kharif-Agro-Advisories-for-Farmers-2025.pdf,curated district rule; NOT measured prevalence; expert verification recommended,2026-10-03
DX0138,Cotton,Fusarium wilt,fungal,False,Maharashtra,Vidarbha Plain,Washim,Kharif,6-10,25,35,50,85,warm soil,medium-high,high,"Risk relevance increases when the listed crop, season and disease-favorable weather overlap in Vidarbha Plain.","yellowing, wilting and vascular browning","Crop rotation, resistant varieties and clean planting material.",FarmGuide curated district applicability rule,https://icar.gov.in/sites/default/files/Circulars/ICAR-En-Kharif-Agro-Advisories-for-Farmers-2025.pdf,curated district rule; NOT measured prevalence; expert verification recommended,2026-10-03
DX0139,Cotton,Fusarium wilt,fungal,False,Maharashtra,Marathwada Plateau,Nanded,Kharif,6-10,25,35,45,83,warm soil,medium-high,medium-high,"Risk relevance increases when the listed crop, season and disease-favorable weather overlap in Marathwada Plateau.","yellowing, wilting and vascular browning","Crop rotation, resistant varieties and clean planting material.",FarmGuide curated district applicability rule,https://icar.gov.in/sites/default/files/Circulars/ICAR-En-Kharif-Agro-Advisories-for-Farmers-2025.pdf,curated district rule; NOT measured prevalence; expert verification recommended,2026-10-03
DX0140,Cotton,Fusarium wilt,fungal,False,Maharashtra,Marathwada Plateau,Parbhani,Kharif,6-10,25,35,45,83,warm soil,medium-high,medium-high,"Risk relevance increases when the listed crop, season and disease-favorable weather overlap in Marathwada Plateau.","yellowing, wilting and vascular browning","Crop rotation, resistant varieties and clean planting material.",FarmGuide curated district applicability rule,https://icar.gov.in/sites/default/files/Circulars/ICAR-En-Kharif-Agro-Advisories-for-Farmers-2025.pdf,curated district rule; NOT measured prevalence; expert verification recommended,2026-10-03
DX0141,Soybean,Yellow mosaic virus,viral,False,Maharashtra,Vidarbha Plain,Akola,Kharif,6-10,22,32,55,91,warm weather/vector pressure,high,high,"Risk relevance increases when the listed crop, season and disease-favorable weather overlap in Vidarbha Plain.",yellow mosaic patches and stunting,"Use tolerant varieties, healthy seed and integrated vector management.",FarmGuide curated district applicability rule,https://icar.gov.in/sites/default/files/Circulars/ICAR-En-Kharif-Agro-Advisories-for-Farmers-2025.pdf,curated district rule; NOT measured prevalence; expert verification recommended,2026-10-03
DX0142,Soybean,Yellow mosaic virus,viral,False,Maharashtra,Vidarbha Plain,Amravati,Kharif,6-10,22,32,55,91,warm weather/vector pressure,high,high,"Risk relevance increases when the listed crop, season and disease-favorable weather overlap in Vidarbha Plain.",yellow mosaic patches and stunting,"Use tolerant varieties, healthy seed and integrated vector management.",FarmGuide curated district applicability rule,https://icar.gov.in/sites/default/files/Circulars/ICAR-En-Kharif-Agro-Advisories-for-Farmers-2025.pdf,curated district rule; NOT measured prevalence; expert verification recommended,2026-10-03
DX0143,Soybean,Yellow mosaic virus,viral,False,Maharashtra,Vidarbha Plain,Yavatmal,Kharif,6-10,22,32,55,91,warm weather/vector pressure,high,high,"Risk relevance increases when the listed crop, season and disease-favorable weather overlap in Vidarbha Plain.",yellow mosaic patches and stunting,"Use tolerant varieties, healthy seed and integrated vector management.",FarmGuide curated district applicability rule,https://icar.gov.in/sites/default/files/Circulars/ICAR-En-Kharif-Agro-Advisories-for-Farmers-2025.pdf,curated district rule; NOT measured prevalence; expert verification recommended,2026-10-03
DX0144,Soybean,Yellow mosaic virus,viral,False,Maharashtra,Vidarbha Plain,Washim,Kharif,6-10,22,32,55,91,warm weather/vector pressure,high,high,"Risk relevance increases when the listed crop, season and disease-favorable weather overlap in Vidarbha Plain.",yellow mosaic patches and stunting,"Use tolerant varieties, healthy seed and integrated vector management.",FarmGuide curated district applicability rule,https://icar.gov.in/sites/default/files/Circulars/ICAR-En-Kharif-Agro-Advisories-for-Farmers-2025.pdf,curated district rule; NOT measured prevalence; expert verification recommended,2026-10-03
DX0145,Soybean,Yellow mosaic virus,viral,False,Maharashtra,Vidarbha Plain,Buldhana,Kharif,6-10,22,32,55,91,warm weather/vector pressure,high,high,"Risk relevance increases when the listed crop, season and disease-favorable weather overlap in Vidarbha Plain.",yellow mosaic patches and stunting,"Use tolerant varieties, healthy seed and integrated vector management.",FarmGuide curated district applicability rule,https://icar.gov.in/sites/default/files/Circulars/ICAR-En-Kharif-Agro-Advisories-for-Farmers-2025.pdf,curated district rule; NOT measured prevalence; expert verification recommended,2026-10-03
DX0146,Soybean,Yellow mosaic virus,viral,False,Maharashtra,Marathwada Plateau,Latur,Kharif,6-10,22,32,55,83,warm weather/vector pressure,high,high,"Risk relevance increases when the listed crop, season and disease-favorable weather overlap in Marathwada Plateau.",yellow mosaic patches and stunting,"Use tolerant varieties, healthy seed and integrated vector management.",FarmGuide curated district applicability rule,https://icar.gov.in/sites/default/files/Circulars/ICAR-En-Kharif-Agro-Advisories-for-Farmers-2025.pdf,curated district rule; NOT measured prevalence; expert verification recommended,2026-10-03
DX0147,Soybean,Yellow mosaic virus,viral,False,Maharashtra,Marathwada Plateau,Nanded,Kharif,6-10,22,32,55,83,warm weather/vector pressure,high,high,"Risk relevance increases when the listed crop, season and disease-favorable weather overlap in Marathwada Plateau.",yellow mosaic patches and stunting,"Use tolerant varieties, healthy seed and integrated vector management.",FarmGuide curated district applicability rule,https://icar.gov.in/sites/default/files/Circulars/ICAR-En-Kharif-Agro-Advisories-for-Farmers-2025.pdf,curated district rule; NOT measured prevalence; expert verification recommended,2026-10-03
DX0148,Soybean,Yellow mosaic virus,viral,False,Maharashtra,Marathwada Plateau,Parbhani,Kharif,6-10,22,32,55,83,warm weather/vector pressure,high,high,"Risk relevance increases when the listed crop, season and disease-favorable weather overlap in Marathwada Plateau.",yellow mosaic patches and stunting,"Use tolerant varieties, healthy seed and integrated vector management.",FarmGuide curated district applicability rule,https://icar.gov.in/sites/default/files/Circulars/ICAR-En-Kharif-Agro-Advisories-for-Farmers-2025.pdf,curated district rule; NOT measured prevalence; expert verification recommended,2026-10-03
DX0149,Soybean,Charcoal rot,fungal,False,Maharashtra,Vidarbha Plain,Akola,Kharif,6-10,28,35,50,70,hot/dry stress,medium-high,high,"Risk relevance increases when the listed crop, season and disease-favorable weather overlap in Vidarbha Plain.",premature wilting and root/stem discoloration,"Reduce moisture stress where possible, balanced nutrition, rotation and healthy seed.",FarmGuide curated district applicability rule,https://icar.gov.in/sites/default/files/Circulars/ICAR-En-Kharif-Agro-Advisories-for-Farmers-2025.pdf,curated district rule; NOT measured prevalence; expert verification recommended,2026-10-03
DX0150,Soybean,Charcoal rot,fungal,False,Maharashtra,Vidarbha Plain,Amravati,Kharif,6-10,28,35,50,70,hot/dry stress,medium-high,high,"Risk relevance increases when the listed crop, season and disease-favorable weather overlap in Vidarbha Plain.",premature wilting and root/stem discoloration,"Reduce moisture stress where possible, balanced nutrition, rotation and healthy seed.",FarmGuide curated district applicability rule,https://icar.gov.in/sites/default/files/Circulars/ICAR-En-Kharif-Agro-Advisories-for-Farmers-2025.pdf,curated district rule; NOT measured prevalence; expert verification recommended,2026-10-03
DX0151,Soybean,Charcoal rot,fungal,False,Maharashtra,Vidarbha Plain,Yavatmal,Kharif,6-10,28,35,50,70,hot/dry stress,medium-high,high,"Risk relevance increases when the listed crop, season and disease-favorable weather overlap in Vidarbha Plain.",premature wilting and root/stem discoloration,"Reduce moisture stress where possible, balanced nutrition, rotation and healthy seed.",FarmGuide curated district applicability rule,https://icar.gov.in/sites/default/files/Circulars/ICAR-En-Kharif-Agro-Advisories-for-Farmers-2025.pdf,curated district rule; NOT measured prevalence; expert verification recommended,2026-10-03
DX0152,Soybean,Charcoal rot,fungal,False,Maharashtra,Vidarbha Plain,Washim,Kharif,6-10,28,35,50,70,hot/dry stress,medium-high,high,"Risk relevance increases when the listed crop, season and disease-favorable weather overlap in Vidarbha Plain.",premature wilting and root/stem discoloration,"Reduce moisture stress where possible, balanced nutrition, rotation and healthy seed.",FarmGuide curated district applicability rule,https://icar.gov.in/sites/default/files/Circulars/ICAR-En-Kharif-Agro-Advisories-for-Farmers-2025.pdf,curated district rule; NOT measured prevalence; expert verification recommended,2026-10-03
DX0153,Soybean,Charcoal rot,fungal,False,Maharashtra,Vidarbha Plain,Buldhana,Kharif,6-10,28,35,50,70,hot/dry stress,medium-high,high,"Risk relevance increases when the listed crop, season and disease-favorable weather overlap in Vidarbha Plain.",premature wilting and root/stem discoloration,"Reduce moisture stress where possible, balanced nutrition, rotation and healthy seed.",FarmGuide curated district applicability rule,https://icar.gov.in/sites/default/files/Circulars/ICAR-En-Kharif-Agro-Advisories-for-Farmers-2025.pdf,curated district rule; NOT measured prevalence; expert verification recommended,2026-10-03
DX0154,Soybean,Charcoal rot,fungal,False,Maharashtra,Marathwada Plateau,Latur,Kharif,6-10,28,35,40,70,hot/dry stress,medium-high,medium-high,"Risk relevance increases when the listed crop, season and disease-favorable weather overlap in Marathwada Plateau.",premature wilting and root/stem discoloration,"Reduce moisture stress where possible, balanced nutrition, rotation and healthy seed.",FarmGuide curated district applicability rule,https://icar.gov.in/sites/default/files/Circulars/ICAR-En-Kharif-Agro-Advisories-for-Farmers-2025.pdf,curated district rule; NOT measured prevalence; expert verification recommended,2026-10-03
DX0155,Soybean,Charcoal rot,fungal,False,Maharashtra,Marathwada Plateau,Nanded,Kharif,6-10,28,35,40,70,hot/dry stress,medium-high,medium-high,"Risk relevance increases when the listed crop, season and disease-favorable weather overlap in Marathwada Plateau.",premature wilting and root/stem discoloration,"Reduce moisture stress where possible, balanced nutrition, rotation and healthy seed.",FarmGuide curated district applicability rule,https://icar.gov.in/sites/default/files/Circulars/ICAR-En-Kharif-Agro-Advisories-for-Farmers-2025.pdf,curated district rule; NOT measured prevalence; expert verification recommended,2026-10-03
DX0156,Soybean,Charcoal rot,fungal,False,Maharashtra,Marathwada Plateau,Parbhani,Kharif,6-10,28,35,40,70,hot/dry stress,medium-high,medium-high,"Risk relevance increases when the listed crop, season and disease-favorable weather overlap in Marathwada Plateau.",premature wilting and root/stem discoloration,"Reduce moisture stress where possible, balanced nutrition, rotation and healthy seed.",FarmGuide curated district applicability rule,https://icar.gov.in/sites/default/files/Circulars/ICAR-En-Kharif-Agro-Advisories-for-Farmers-2025.pdf,curated district rule; NOT measured prevalence; expert verification recommended,2026-10-03
DX0157,Soybean,Rhizoctonia aerial blight,fungal,False,Maharashtra,Vidarbha Plain,Akola,Kharif,6-10,24,32,75,91,humid/rainy canopy,high,high,"Risk relevance increases when the listed crop, season and disease-favorable weather overlap in Vidarbha Plain.",irregular brown lesions and blighting,"Improve canopy airflow, avoid prolonged wetness and follow local guidance.",FarmGuide curated district applicability rule,https://icar.gov.in/sites/default/files/Circulars/ICAR-En-Kharif-Agro-Advisories-for-Farmers-2025.pdf,curated district rule; NOT measured prevalence; expert verification recommended,2026-10-03
DX0158,Soybean,Rhizoctonia aerial blight,fungal,False,Maharashtra,Vidarbha Plain,Amravati,Kharif,6-10,24,32,75,91,humid/rainy canopy,high,high,"Risk relevance increases when the listed crop, season and disease-favorable weather overlap in Vidarbha Plain.",irregular brown lesions and blighting,"Improve canopy airflow, avoid prolonged wetness and follow local guidance.",FarmGuide curated district applicability rule,https://icar.gov.in/sites/default/files/Circulars/ICAR-En-Kharif-Agro-Advisories-for-Farmers-2025.pdf,curated district rule; NOT measured prevalence; expert verification recommended,2026-10-03
DX0159,Soybean,Rhizoctonia aerial blight,fungal,False,Maharashtra,Vidarbha Plain,Yavatmal,Kharif,6-10,24,32,75,91,humid/rainy canopy,high,high,"Risk relevance increases when the listed crop, season and disease-favorable weather overlap in Vidarbha Plain.",irregular brown lesions and blighting,"Improve canopy airflow, avoid prolonged wetness and follow local guidance.",FarmGuide curated district applicability rule,https://icar.gov.in/sites/default/files/Circulars/ICAR-En-Kharif-Agro-Advisories-for-Farmers-2025.pdf,curated district rule; NOT measured prevalence; expert verification recommended,2026-10-03
DX0160,Soybean,Rhizoctonia aerial blight,fungal,False,Maharashtra,Vidarbha Plain,Washim,Kharif,6-10,24,32,75,91,humid/rainy canopy,high,high,"Risk relevance increases when the listed crop, season and disease-favorable weather overlap in Vidarbha Plain.",irregular brown lesions and blighting,"Improve canopy airflow, avoid prolonged wetness and follow local guidance.",FarmGuide curated district applicability rule,https://icar.gov.in/sites/default/files/Circulars/ICAR-En-Kharif-Agro-Advisories-for-Farmers-2025.pdf,curated district rule; NOT measured prevalence; expert verification recommended,2026-10-03
DX0161,Soybean,Rhizoctonia aerial blight,fungal,False,Maharashtra,Vidarbha Plain,Buldhana,Kharif,6-10,24,32,75,91,humid/rainy canopy,high,high,"Risk relevance increases when the listed crop, season and disease-favorable weather overlap in Vidarbha Plain.",irregular brown lesions and blighting,"Improve canopy airflow, avoid prolonged wetness and follow local guidance.",FarmGuide curated district applicability rule,https://icar.gov.in/sites/default/files/Circulars/ICAR-En-Kharif-Agro-Advisories-for-Farmers-2025.pdf,curated district rule; NOT measured prevalence; expert verification recommended,2026-10-03
DX0162,Soybean,Rhizoctonia aerial blight,fungal,False,Maharashtra,Marathwada Plateau,Latur,Kharif,6-10,24,32,75,83,humid/rainy canopy,high,high,"Risk relevance increases when the listed crop, season and disease-favorable weather overlap in Marathwada Plateau.",irregular brown lesions and blighting,"Improve canopy airflow, avoid prolonged wetness and follow local guidance.",FarmGuide curated district applicability rule,https://icar.gov.in/sites/default/files/Circulars/ICAR-En-Kharif-Agro-Advisories-for-Farmers-2025.pdf,curated district rule; NOT measured prevalence; expert verification recommended,2026-10-03
DX0163,Soybean,Rhizoctonia aerial blight,fungal,False,Maharashtra,Marathwada Plateau,Nanded,Kharif,6-10,24,32,75,83,humid/rainy canopy,high,high,"Risk relevance increases when the listed crop, season and disease-favorable weather overlap in Marathwada Plateau.",irregular brown lesions and blighting,"Improve canopy airflow, avoid prolonged wetness and follow local guidance.",FarmGuide curated district applicability rule,https://icar.gov.in/sites/default/files/Circulars/ICAR-En-Kharif-Agro-Advisories-for-Farmers-2025.pdf,curated district rule; NOT measured prevalence; expert verification recommended,2026-10-03
DX0164,Soybean,Rhizoctonia aerial blight,fungal,False,Maharashtra,Marathwada Plateau,Parbhani,Kharif,6-10,24,32,75,83,humid/rainy canopy,high,high,"Risk relevance increases when the listed crop, season and disease-favorable weather overlap in Marathwada Plateau.",irregular brown lesions and blighting,"Improve canopy airflow, avoid prolonged wetness and follow local guidance.",FarmGuide curated district applicability rule,https://icar.gov.in/sites/default/files/Circulars/ICAR-En-Kharif-Agro-Advisories-for-Farmers-2025.pdf,curated district rule; NOT measured prevalence; expert verification recommended,2026-10-03
DX0165,Rice,Blast,fungal,False,Maharashtra,Konkan,Ratnagiri,Kharif,6-10,21,30,75,98,humid/cloudy weather,very high,high,"Risk relevance increases when the listed crop, season and disease-favorable weather overlap in Konkan.",spindle-shaped leaf lesions and neck infection,"Balanced nitrogen, resistant varieties, avoid excessive canopy humidity and follow local advisory.",FarmGuide curated district applicability rule,https://icar.gov.in/sites/default/files/Circulars/ICAR-En-Kharif-Agro-Advisories-for-Farmers-2025.pdf,curated district rule; NOT measured prevalence; expert verification recommended,2026-10-03
DX0166,Rice,Blast,fungal,False,Maharashtra,Konkan,Raigad,Kharif,6-10,21,30,75,98,humid/cloudy weather,very high,high,"Risk relevance increases when the listed crop, season and disease-favorable weather overlap in Konkan.",spindle-shaped leaf lesions and neck infection,"Balanced nitrogen, resistant varieties, avoid excessive canopy humidity and follow local advisory.",FarmGuide curated district applicability rule,https://icar.gov.in/sites/default/files/Circulars/ICAR-En-Kharif-Agro-Advisories-for-Farmers-2025.pdf,curated district rule; NOT measured prevalence; expert verification recommended,2026-10-03
DX0167,Rice,Blast,fungal,False,Maharashtra,Konkan,Sindhudurg,Kharif,6-10,21,30,75,98,humid/cloudy weather,very high,high,"Risk relevance increases when the listed crop, season and disease-favorable weather overlap in Konkan.",spindle-shaped leaf lesions and neck infection,"Balanced nitrogen, resistant varieties, avoid excessive canopy humidity and follow local advisory.",FarmGuide curated district applicability rule,https://icar.gov.in/sites/default/files/Circulars/ICAR-En-Kharif-Agro-Advisories-for-Farmers-2025.pdf,curated district rule; NOT measured prevalence; expert verification recommended,2026-10-03
DX0168,Rice,Blast,fungal,False,Maharashtra,Konkan,Thane,Kharif,6-10,21,30,75,98,humid/cloudy weather,very high,high,"Risk relevance increases when the listed crop, season and disease-favorable weather overlap in Konkan.",spindle-shaped leaf lesions and neck infection,"Balanced nitrogen, resistant varieties, avoid excessive canopy humidity and follow local advisory.",FarmGuide curated district applicability rule,https://icar.gov.in/sites/default/files/Circulars/ICAR-En-Kharif-Agro-Advisories-for-Farmers-2025.pdf,curated district rule; NOT measured prevalence; expert verification recommended,2026-10-03
DX0169,Rice,Blast,fungal,False,Maharashtra,Eastern Vidarbha,Bhandara,Kharif,6-10,19,30,75,95,humid/cloudy weather,very high,high,"Risk relevance increases when the listed crop, season and disease-favorable weather overlap in Eastern Vidarbha.",spindle-shaped leaf lesions and neck infection,"Balanced nitrogen, resistant varieties, avoid excessive canopy humidity and follow local advisory.",FarmGuide curated district applicability rule,https://icar.gov.in/sites/default/files/Circulars/ICAR-En-Kharif-Agro-Advisories-for-Farmers-2025.pdf,curated district rule; NOT measured prevalence; expert verification recommended,2026-10-03
DX0170,Rice,Blast,fungal,False,Maharashtra,Eastern Vidarbha,Gondia,Kharif,6-10,19,30,75,95,humid/cloudy weather,very high,high,"Risk relevance increases when the listed crop, season and disease-favorable weather overlap in Eastern Vidarbha.",spindle-shaped leaf lesions and neck infection,"Balanced nitrogen, resistant varieties, avoid excessive canopy humidity and follow local advisory.",FarmGuide curated district applicability rule,https://icar.gov.in/sites/default/files/Circulars/ICAR-En-Kharif-Agro-Advisories-for-Farmers-2025.pdf,curated district rule; NOT measured prevalence; expert verification recommended,2026-10-03
DX0171,Rice,Blast,fungal,False,Maharashtra,Eastern Vidarbha,Gadchiroli,Kharif,6-10,19,30,75,95,humid/cloudy weather,very high,high,"Risk relevance increases when the listed crop, season and disease-favorable weather overlap in Eastern Vidarbha.",spindle-shaped leaf lesions and neck infection,"Balanced nitrogen, resistant varieties, avoid excessive canopy humidity and follow local advisory.",FarmGuide curated district applicability rule,https://icar.gov.in/sites/default/files/Circulars/ICAR-En-Kharif-Agro-Advisories-for-Farmers-2025.pdf,curated district rule; NOT measured prevalence; expert verification recommended,2026-10-03
DX0172,Rice,Bacterial leaf blight,bacterial,False,Maharashtra,Konkan,Ratnagiri,Kharif,6-10,25,32,75,98,rain/flood splash,high,high,"Risk relevance increases when the listed crop, season and disease-favorable weather overlap in Konkan.",water-soaked leaf streaks progressing to drying,"Use resistant varieties, balanced nitrogen, clean water management and local recommendations.",FarmGuide curated district applicability rule,https://icar.gov.in/sites/default/files/Circulars/ICAR-En-Kharif-Agro-Advisories-for-Farmers-2025.pdf,curated district rule; NOT measured prevalence; expert verification recommended,2026-10-03
DX0173,Rice,Bacterial leaf blight,bacterial,False,Maharashtra,Konkan,Raigad,Kharif,6-10,25,32,75,98,rain/flood splash,high,high,"Risk relevance increases when the listed crop, season and disease-favorable weather overlap in Konkan.",water-soaked leaf streaks progressing to drying,"Use resistant varieties, balanced nitrogen, clean water management and local recommendations.",FarmGuide curated district applicability rule,https://icar.gov.in/sites/default/files/Circulars/ICAR-En-Kharif-Agro-Advisories-for-Farmers-2025.pdf,curated district rule; NOT measured prevalence; expert verification recommended,2026-10-03
DX0174,Rice,Bacterial leaf blight,bacterial,False,Maharashtra,Konkan,Sindhudurg,Kharif,6-10,25,32,75,98,rain/flood splash,high,high,"Risk relevance increases when the listed crop, season and disease-favorable weather overlap in Konkan.",water-soaked leaf streaks progressing to drying,"Use resistant varieties, balanced nitrogen, clean water management and local recommendations.",FarmGuide curated district applicability rule,https://icar.gov.in/sites/default/files/Circulars/ICAR-En-Kharif-Agro-Advisories-for-Farmers-2025.pdf,curated district rule; NOT measured prevalence; expert verification recommended,2026-10-03
DX0175,Rice,Bacterial leaf blight,bacterial,False,Maharashtra,Konkan,Thane,Kharif,6-10,25,32,75,98,rain/flood splash,high,high,"Risk relevance increases when the listed crop, season and disease-favorable weather overlap in Konkan.",water-soaked leaf streaks progressing to drying,"Use resistant varieties, balanced nitrogen, clean water management and local recommendations.",FarmGuide curated district applicability rule,https://icar.gov.in/sites/default/files/Circulars/ICAR-En-Kharif-Agro-Advisories-for-Farmers-2025.pdf,curated district rule; NOT measured prevalence; expert verification recommended,2026-10-03
DX0176,Rice,Bacterial leaf blight,bacterial,False,Maharashtra,Eastern Vidarbha,Bhandara,Kharif,6-10,25,32,75,95,rain/flood splash,high,high,"Risk relevance increases when the listed crop, season and disease-favorable weather overlap in Eastern Vidarbha.",water-soaked leaf streaks progressing to drying,"Use resistant varieties, balanced nitrogen, clean water management and local recommendations.",FarmGuide curated district applicability rule,https://icar.gov.in/sites/default/files/Circulars/ICAR-En-Kharif-Agro-Advisories-for-Farmers-2025.pdf,curated district rule; NOT measured prevalence; expert verification recommended,2026-10-03
DX0177,Rice,Bacterial leaf blight,bacterial,False,Maharashtra,Eastern Vidarbha,Gondia,Kharif,6-10,25,32,75,95,rain/flood splash,high,high,"Risk relevance increases when the listed crop, season and disease-favorable weather overlap in Eastern Vidarbha.",water-soaked leaf streaks progressing to drying,"Use resistant varieties, balanced nitrogen, clean water management and local recommendations.",FarmGuide curated district applicability rule,https://icar.gov.in/sites/default/files/Circulars/ICAR-En-Kharif-Agro-Advisories-for-Farmers-2025.pdf,curated district rule; NOT measured prevalence; expert verification recommended,2026-10-03
DX0178,Rice,Bacterial leaf blight,bacterial,False,Maharashtra,Eastern Vidarbha,Gadchiroli,Kharif,6-10,25,32,75,95,rain/flood splash,high,high,"Risk relevance increases when the listed crop, season and disease-favorable weather overlap in Eastern Vidarbha.",water-soaked leaf streaks progressing to drying,"Use resistant varieties, balanced nitrogen, clean water management and local recommendations.",FarmGuide curated district applicability rule,https://icar.gov.in/sites/default/files/Circulars/ICAR-En-Kharif-Agro-Advisories-for-Farmers-2025.pdf,curated district rule; NOT measured prevalence; expert verification recommended,2026-10-03
DX0179,Rice,Sheath blight,fungal,False,Maharashtra,Konkan,Ratnagiri,Kharif,6-10,25,32,75,98,warm humid dense canopy,high,high,"Risk relevance increases when the listed crop, season and disease-favorable weather overlap in Konkan.",oval lesions on leaf sheaths,"Avoid excessive nitrogen, improve spacing/airflow and follow local guidance.",FarmGuide curated district applicability rule,https://icar.gov.in/sites/default/files/Circulars/ICAR-En-Kharif-Agro-Advisories-for-Farmers-2025.pdf,curated district rule; NOT measured prevalence; expert verification recommended,2026-10-03
DX0180,Rice,Sheath blight,fungal,False,Maharashtra,Konkan,Raigad,Kharif,6-10,25,32,75,98,warm humid dense canopy,high,high,"Risk relevance increases when the listed crop, season and disease-favorable weather overlap in Konkan.",oval lesions on leaf sheaths,"Avoid excessive nitrogen, improve spacing/airflow and follow local guidance.",FarmGuide curated district applicability rule,https://icar.gov.in/sites/default/files/Circulars/ICAR-En-Kharif-Agro-Advisories-for-Farmers-2025.pdf,curated district rule; NOT measured prevalence; expert verification recommended,2026-10-03
DX0181,Rice,Sheath blight,fungal,False,Maharashtra,Konkan,Sindhudurg,Kharif,6-10,25,32,75,98,warm humid dense canopy,high,high,"Risk relevance increases when the listed crop, season and disease-favorable weather overlap in Konkan.",oval lesions on leaf sheaths,"Avoid excessive nitrogen, improve spacing/airflow and follow local guidance.",FarmGuide curated district applicability rule,https://icar.gov.in/sites/default/files/Circulars/ICAR-En-Kharif-Agro-Advisories-for-Farmers-2025.pdf,curated district rule; NOT measured prevalence; expert verification recommended,2026-10-03
DX0182,Rice,Sheath blight,fungal,False,Maharashtra,Konkan,Thane,Kharif,6-10,25,32,75,98,warm humid dense canopy,high,high,"Risk relevance increases when the listed crop, season and disease-favorable weather overlap in Konkan.",oval lesions on leaf sheaths,"Avoid excessive nitrogen, improve spacing/airflow and follow local guidance.",FarmGuide curated district applicability rule,https://icar.gov.in/sites/default/files/Circulars/ICAR-En-Kharif-Agro-Advisories-for-Farmers-2025.pdf,curated district rule; NOT measured prevalence; expert verification recommended,2026-10-03
DX0183,Rice,Sheath blight,fungal,False,Maharashtra,Eastern Vidarbha,Bhandara,Kharif,6-10,25,32,75,95,warm humid dense canopy,high,high,"Risk relevance increases when the listed crop, season and disease-favorable weather overlap in Eastern Vidarbha.",oval lesions on leaf sheaths,"Avoid excessive nitrogen, improve spacing/airflow and follow local guidance.",FarmGuide curated district applicability rule,https://icar.gov.in/sites/default/files/Circulars/ICAR-En-Kharif-Agro-Advisories-for-Farmers-2025.pdf,curated district rule; NOT measured prevalence; expert verification recommended,2026-10-03
DX0184,Rice,Sheath blight,fungal,False,Maharashtra,Eastern Vidarbha,Gondia,Kharif,6-10,25,32,75,95,warm humid dense canopy,high,high,"Risk relevance increases when the listed crop, season and disease-favorable weather overlap in Eastern Vidarbha.",oval lesions on leaf sheaths,"Avoid excessive nitrogen, improve spacing/airflow and follow local guidance.",FarmGuide curated district applicability rule,https://icar.gov.in/sites/default/files/Circulars/ICAR-En-Kharif-Agro-Advisories-for-Farmers-2025.pdf,curated district rule; NOT measured prevalence; expert verification recommended,2026-10-03
DX0185,Rice,Sheath blight,fungal,False,Maharashtra,Eastern Vidarbha,Gadchiroli,Kharif,6-10,25,32,75,95,warm humid dense canopy,high,high,"Risk relevance increases when the listed crop, season and disease-favorable weather overlap in Eastern Vidarbha.",oval lesions on leaf sheaths,"Avoid excessive nitrogen, improve spacing/airflow and follow local guidance.",FarmGuide curated district applicability rule,https://icar.gov.in/sites/default/files/Circulars/ICAR-En-Kharif-Agro-Advisories-for-Farmers-2025.pdf,curated district rule; NOT measured prevalence; expert verification recommended,2026-10-03
DX0186,Sugarcane,Red rot,fungal,False,Maharashtra,Western Maharashtra Plain,Kolhapur,Perennial,6-10,24,32,70,88,warm humid conditions,high,high,"Risk relevance increases when the listed crop, season and disease-favorable weather overlap in Western Maharashtra Plain.",red internal stalk discoloration with white flecks,"Use healthy setts, resistant varieties, sanitation and drainage.",FarmGuide curated district applicability rule,https://icar.gov.in/sites/default/files/Circulars/ICAR-En-Kharif-Agro-Advisories-for-Farmers-2025.pdf,curated district rule; NOT measured prevalence; expert verification recommended,2026-10-03
DX0187,Sugarcane,Red rot,fungal,False,Maharashtra,Western Maharashtra Plain,Sangli,Perennial,6-10,24,32,70,88,warm humid conditions,high,high,"Risk relevance increases when the listed crop, season and disease-favorable weather overlap in Western Maharashtra Plain.",red internal stalk discoloration with white flecks,"Use healthy setts, resistant varieties, sanitation and drainage.",FarmGuide curated district applicability rule,https://icar.gov.in/sites/default/files/Circulars/ICAR-En-Kharif-Agro-Advisories-for-Farmers-2025.pdf,curated district rule; NOT measured prevalence; expert verification recommended,2026-10-03
DX0188,Sugarcane,Red rot,fungal,False,Maharashtra,Western Maharashtra Plain,Satara,Perennial,6-10,24,32,70,88,warm humid conditions,high,high,"Risk relevance increases when the listed crop, season and disease-favorable weather overlap in Western Maharashtra Plain.",red internal stalk discoloration with white flecks,"Use healthy setts, resistant varieties, sanitation and drainage.",FarmGuide curated district applicability rule,https://icar.gov.in/sites/default/files/Circulars/ICAR-En-Kharif-Agro-Advisories-for-Farmers-2025.pdf,curated district rule; NOT measured prevalence; expert verification recommended,2026-10-03
DX0189,Sugarcane,Red rot,fungal,False,Maharashtra,Western Maharashtra Plain,Pune,Perennial,6-10,24,32,70,88,warm humid conditions,high,high,"Risk relevance increases when the listed crop, season and disease-favorable weather overlap in Western Maharashtra Plain.",red internal stalk discoloration with white flecks,"Use healthy setts, resistant varieties, sanitation and drainage.",FarmGuide curated district applicability rule,https://icar.gov.in/sites/default/files/Circulars/ICAR-En-Kharif-Agro-Advisories-for-Farmers-2025.pdf,curated district rule; NOT measured prevalence; expert verification recommended,2026-10-03
DX0190,Sugarcane,Red rot,fungal,False,Maharashtra,Western Maharashtra Plain,Ahmednagar,Perennial,6-10,24,32,70,88,warm humid conditions,high,high,"Risk relevance increases when the listed crop, season and disease-favorable weather overlap in Western Maharashtra Plain.",red internal stalk discoloration with white flecks,"Use healthy setts, resistant varieties, sanitation and drainage.",FarmGuide curated district applicability rule,https://icar.gov.in/sites/default/files/Circulars/ICAR-En-Kharif-Agro-Advisories-for-Farmers-2025.pdf,curated district rule; NOT measured prevalence; expert verification recommended,2026-10-03
DX0191,Sugarcane,Red rot,fungal,False,Maharashtra,Western Maharashtra Plain,Solapur,Perennial,6-10,24,32,70,88,warm humid conditions,high,high,"Risk relevance increases when the listed crop, season and disease-favorable weather overlap in Western Maharashtra Plain.",red internal stalk discoloration with white flecks,"Use healthy setts, resistant varieties, sanitation and drainage.",FarmGuide curated district applicability rule,https://icar.gov.in/sites/default/files/Circulars/ICAR-En-Kharif-Agro-Advisories-for-Farmers-2025.pdf,curated district rule; NOT measured prevalence; expert verification recommended,2026-10-03
DX0192,Sugarcane,Smut,fungal,False,Maharashtra,Western Maharashtra Plain,Kolhapur,Perennial,6-10,24,32,50,88,warm conditions,medium-high,high,"Risk relevance increases when the listed crop, season and disease-favorable weather overlap in Western Maharashtra Plain.",whip-like black sori emerging from shoots,Use healthy planting material and resistant varieties; rogue affected stools.,FarmGuide curated district applicability rule,https://icar.gov.in/sites/default/files/Circulars/ICAR-En-Kharif-Agro-Advisories-for-Farmers-2025.pdf,curated district rule; NOT measured prevalence; expert verification recommended,2026-10-03
DX0193,Sugarcane,Smut,fungal,False,Maharashtra,Western Maharashtra Plain,Sangli,Perennial,6-10,24,32,50,88,warm conditions,medium-high,high,"Risk relevance increases when the listed crop, season and disease-favorable weather overlap in Western Maharashtra Plain.",whip-like black sori emerging from shoots,Use healthy planting material and resistant varieties; rogue affected stools.,FarmGuide curated district applicability rule,https://icar.gov.in/sites/default/files/Circulars/ICAR-En-Kharif-Agro-Advisories-for-Farmers-2025.pdf,curated district rule; NOT measured prevalence; expert verification recommended,2026-10-03
DX0194,Sugarcane,Smut,fungal,False,Maharashtra,Western Maharashtra Plain,Satara,Perennial,6-10,24,32,50,88,warm conditions,medium-high,high,"Risk relevance increases when the listed crop, season and disease-favorable weather overlap in Western Maharashtra Plain.",whip-like black sori emerging from shoots,Use healthy planting material and resistant varieties; rogue affected stools.,FarmGuide curated district applicability rule,https://icar.gov.in/sites/default/files/Circulars/ICAR-En-Kharif-Agro-Advisories-for-Farmers-2025.pdf,curated district rule; NOT measured prevalence; expert verification recommended,2026-10-03
DX0195,Sugarcane,Smut,fungal,False,Maharashtra,Western Maharashtra Plain,Pune,Perennial,6-10,24,32,50,88,warm conditions,medium-high,high,"Risk relevance increases when the listed crop, season and disease-favorable weather overlap in Western Maharashtra Plain.",whip-like black sori emerging from shoots,Use healthy planting material and resistant varieties; rogue affected stools.,FarmGuide curated district applicability rule,https://icar.gov.in/sites/default/files/Circulars/ICAR-En-Kharif-Agro-Advisories-for-Farmers-2025.pdf,curated district rule; NOT measured prevalence; expert verification recommended,2026-10-03
DX0196,Sugarcane,Smut,fungal,False,Maharashtra,Western Maharashtra Plain,Ahmednagar,Perennial,6-10,24,32,50,88,warm conditions,medium-high,high,"Risk relevance increases when the listed crop, season and disease-favorable weather overlap in Western Maharashtra Plain.",whip-like black sori emerging from shoots,Use healthy planting material and resistant varieties; rogue affected stools.,FarmGuide curated district applicability rule,https://icar.gov.in/sites/default/files/Circulars/ICAR-En-Kharif-Agro-Advisories-for-Farmers-2025.pdf,curated district rule; NOT measured prevalence; expert verification recommended,2026-10-03
DX0197,Sugarcane,Smut,fungal,False,Maharashtra,Western Maharashtra Plain,Solapur,Perennial,6-10,24,32,50,88,warm conditions,medium-high,high,"Risk relevance increases when the listed crop, season and disease-favorable weather overlap in Western Maharashtra Plain.",whip-like black sori emerging from shoots,Use healthy planting material and resistant varieties; rogue affected stools.,FarmGuide curated district applicability rule,https://icar.gov.in/sites/default/files/Circulars/ICAR-En-Kharif-Agro-Advisories-for-Farmers-2025.pdf,curated district rule; NOT measured prevalence; expert verification recommended,2026-10-03
DX0198,Sugarcane,Wilt,fungal/complex,False,Maharashtra,Western Maharashtra Plain,Kolhapur,Perennial,6-10,25,34,45,85,warm soil/moisture stress,medium,medium,"Risk relevance increases when the listed crop, season and disease-favorable weather overlap in Western Maharashtra Plain.","yellowing, wilting and stalk deterioration","Healthy setts, drainage, rotation where possible and local recommendations.",FarmGuide curated district applicability rule,https://icar.gov.in/sites/default/files/Circulars/ICAR-En-Kharif-Agro-Advisories-for-Farmers-2025.pdf,curated district rule; NOT measured prevalence; expert verification recommended,2026-10-03
DX0199,Sugarcane,Wilt,fungal/complex,False,Maharashtra,Western Maharashtra Plain,Sangli,Perennial,6-10,25,34,45,85,warm soil/moisture stress,medium,medium,"Risk relevance increases when the listed crop, season and disease-favorable weather overlap in Western Maharashtra Plain.","yellowing, wilting and stalk deterioration","Healthy setts, drainage, rotation where possible and local recommendations.",FarmGuide curated district applicability rule,https://icar.gov.in/sites/default/files/Circulars/ICAR-En-Kharif-Agro-Advisories-for-Farmers-2025.pdf,curated district rule; NOT measured prevalence; expert verification recommended,2026-10-03
DX0200,Sugarcane,Wilt,fungal/complex,False,Maharashtra,Western Maharashtra Plain,Satara,Perennial,6-10,25,34,45,85,warm soil/moisture stress,medium,medium,"Risk relevance increases when the listed crop, season and disease-favorable weather overlap in Western Maharashtra Plain.","yellowing, wilting and stalk deterioration","Healthy setts, drainage, rotation where possible and local recommendations.",FarmGuide curated district applicability rule,https://icar.gov.in/sites/default/files/Circulars/ICAR-En-Kharif-Agro-Advisories-for-Farmers-2025.pdf,curated district rule; NOT measured prevalence; expert verification recommended,2026-10-03
DX0201,Sugarcane,Wilt,fungal/complex,False,Maharashtra,Western Maharashtra Plain,Pune,Perennial,6-10,25,34,45,85,warm soil/moisture stress,medium,medium,"Risk relevance increases when the listed crop, season and disease-favorable weather overlap in Western Maharashtra Plain.","yellowing, wilting and stalk deterioration","Healthy setts, drainage, rotation where possible and local recommendations.",FarmGuide curated district applicability rule,https://icar.gov.in/sites/default/files/Circulars/ICAR-En-Kharif-Agro-Advisories-for-Farmers-2025.pdf,curated district rule; NOT measured prevalence; expert verification recommended,2026-10-03
DX0202,Sugarcane,Wilt,fungal/complex,False,Maharashtra,Western Maharashtra Plain,Ahmednagar,Perennial,6-10,25,34,45,85,warm soil/moisture stress,medium,medium,"Risk relevance increases when the listed crop, season and disease-favorable weather overlap in Western Maharashtra Plain.","yellowing, wilting and stalk deterioration","Healthy setts, drainage, rotation where possible and local recommendations.",FarmGuide curated district applicability rule,https://icar.gov.in/sites/default/files/Circulars/ICAR-En-Kharif-Agro-Advisories-for-Farmers-2025.pdf,curated district rule; NOT measured prevalence; expert verification recommended,2026-10-03
DX0203,Sugarcane,Wilt,fungal/complex,False,Maharashtra,Western Maharashtra Plain,Solapur,Perennial,6-10,25,34,45,85,warm soil/moisture stress,medium,medium,"Risk relevance increases when the listed crop, season and disease-favorable weather overlap in Western Maharashtra Plain.","yellowing, wilting and stalk deterioration","Healthy setts, drainage, rotation where possible and local recommendations.",FarmGuide curated district applicability rule,https://icar.gov.in/sites/default/files/Circulars/ICAR-En-Kharif-Agro-Advisories-for-Farmers-2025.pdf,curated district rule; NOT measured prevalence; expert verification recommended,2026-10-03
